name,studyId,targetCaptureKitID,aliquotID,specimenID,individualID,parentSpecimenID,transplantationType,compoundDoseUnit,isStranded,readPairOrientation,accessType,nf1Genotype,diagnosis,targetDepth,age,ageUnit,isCellLine,libraryPreparationMethod,averageBaseQuality,sex,genePerturbationType,compoundDose,readDepth,readLength,readStrandOrigin,progressReportNumber,specimenPreparationMethod,isMultiIndividual,libraryStrand,readPair,initiative,genePerturbationTechnology,comments,fileFormat,nf2Genotype,Component,species,fundingAgency,nucleicAcidSource,channel,genePerturbed,resourceType,dissociationMethod,readsDuplicatedPercent,isMultiSpecimen,studyName,isPrimaryCell,workflow,workflowLink,pairsOnDifferentChr,transplantationRecipientTissue,individualIdSource,totalReads,dataType,dataSubtype,genomicReference,organ,isXenograft,drugScreenType,experimentalCondition,modelSystemName,libraryPrep,tumorType,expressionUnit,readsMappedPercent,averageInsertSize,compoundName,runType,transplantationRecipientSpecies,cellType,modifiedBy,experimentalTimepoint,assay,averageReadLength,platform
Image_760_Neg.tif,,,,,,,,,,,,,,,,,,,,,,,,,,,,,,,,,Negative control immunostaining of MPNST tumor or cell line samples,Tif,,,Musmusculus,,Bulkcell,,,Result,,,No,,No,,,,,,,Image,,,Peripheralnerve,,,Negative control IgG,,,Malignant peripheral nerve sheath tumor,,,,,,,MPNST cell lines,,,Immunoblot,,LI-COR Odyssey Fc imaging system
Image_794.tif,,,,,,,,,,,,,,,,,,,,,,,,,,,,,,,,,Celigo imaging cytometer assay results after ErbB3 knockdown,Tif,,,Musmusculus,,Bulkcell,,,,,,,,,,,,,,,,,,,,,,,,Malignant peripheral nerve sheath tumor,,,,,,,MPNST cell lines,,,Immunoblot,,LI-COR Odyssey Fc imaging system
Image_763_erbb3sc81455.tif,ErbB3KnockdownEffects,,,,S462,,,,,,ControlledAccess,,SporadicSchwannoma,,,,Yes,Immunocytochemistry,,,,,,,,,,,,,,,ErbB3 immunostaining using sc81455 antibody of MPNST tumor or cell line samples,Tif,,,Musmusculus,,Bulkcell,,ERBB3,Result,,,No,,No,,,,,,,Image,,,Peripheralnerve,,,ErbB3 antibody sc81455 immunostaining,S462,,NF1-associated MPNST,,,,,,,S462,,,Immunocytochemistry,,Zeiss LS 980 with Airyscan 2
Image_742_erbb3sc81455.tif,ErbB3SignalingInMPNSTs,,,,S462,,,,,,ControlledAccess,,SporadicSchwannoma,,,,Yes,Immunocytochemistry,,,,,,,,,,,,,,,ErbB3 immunostaining using sc81455 antibody of MPNST tumor or cell line samples,Tif,,,Musmusculus,,Bulkcell,,ERBB3,Result,,,No,,No,,,,,,,Image,,,Peripheralnerve,,,ErbB3 antibody sc81455,S462,,NF1-associated MPNST,,,,,,,S462,,,Immunocytochemistry,,Zeiss Imager M2
Image_795_scale.tif,,,,,,,,,,,,,,,,,,,,,,,,,,,,,,,,,Scale bar reference for Celigo imaging cytometer assay results,Tif,,,Musmusculus,,Bulkcell,,,Result,,,No,,No,,,,,,,Image,,,,,,Scale bar reference,,,Malignant peripheral nerve sheath tumor,,,,,,,MPNST cell lines,,,Cell viability,,Celigo high-throughput imaging cytometer
Image_738_erbb3sc285.tif,ErbB3SignalingInMPNSTs,,,,Tumor2,,,,,,ControlledAccess,-/-,Neurofibromatosistype1,,,,,Immunohistochemistry,,,,,,,,,,,,,,,ErbB3 immunostaining using sc285 antibody of MPNST tumor or cell line samples,Tif,,,Musmusculus,,Bulkcell,,ERBB3,Result,,,No,,No,,,,,,,Image,,,Peripheralnerve,,,ErbB3 antibody sc285,,,Malignant peripheral nerve sheath tumor,,,,,,,Malignant peripheral nerve sheath tumor,,,Immunohistochemistry,,Microscope
Image_745_erbb3sc81455.tif,ErbB3SignalingInMPNSTs,,,,T265-2c,,,,,,ControlledAccess,-/-,Neurofibromatosistype1,,,,Yes,Immunocytochemistry,,,,,,,,,,,,,,,ErbB3 immunostaining using sc81455 antibody of MPNST tumor or cell line samples,Tif,,,Musmusculus,,Bulkcell,,ERBB3,Result,,,No,,No,,,,,,,Image,,,Peripheralnerve,,,ErbB3 antibody sc81455,T265-2c,,NF1-associated MPNST,,,,,,,T265-2c,,,Immunocytochemistry,,Zeiss Imager M2
Image_786.tif,,,,,,,,,,,,,,,,,,,,,,,,,,,,,,,,,Kinomics analysis of MPNST cells treated with trifluoperazine,Tif,,,Musmusculus,,Bulkcell,,,,,,,,,,,,,,,,,,,,,,S462,,NF1-associated MPNST,,,,,,,S462,,,Cell viability,,Celigo high-throughput imaging cytometer
Image_767_erbb3sc295.tif,ErbB3KnockdownEffects,,,,S462,,,,,,ControlledAccess,,SporadicSchwannoma,,,,Yes,Immunocytochemistry,,,,,,,,,,,,,,,ErbB3 immunostaining using sc295 antibody of MPNST tumor or cell line samples,Tif,,,Musmusculus,,Bulkcell,,ERBB3,Result,,,No,,No,,,,,,,Image,,,Peripheralnerve,,,ErbB3 antibody sc295,HsSch2,,Sporadic MPNST,,,,,,,HsSch2,,,Immunocytochemistry,,Zeiss Imager M2
Image_775.tif,,,,,,,,,,,,,,,,,,,,,,,,,,,,,,,,,Immunofluorescence imaging showing effects of saracatinib and trifluoperazine on MPNST cells,Tif,,,Musmusculus,,Bulkcell,,,,,,,,,,,,,,,,,,,,,,S462,,NF1-associated MPNST,,,,,,,S462,,,Cell viability,,Celigo high-throughput imaging cytometer
Image_784.tif,,,,,,,,,,,,,,,,,,,,,,,,,,,,,,,,,Cell viability assay imaging after combination treatments with ErbB inhibitors,Tif,,,Musmusculus,,Bulkcell,,,,,,,,,,,,,,,,,,,,,,,,Malignant peripheral nerve sheath tumor,,,,,,,MPNST cell lines,,,Signaling pathway model,,Diagram
synapse_storage_manifest_imagingassaytemplate.csv,,,,,,,,,,,,,,,,,,,,,,,,,,,,,,,,,,,,,,,,,,,,,,,,,,,,,,,,,,,,,,,,,,,,,,,,,Metadata template,,
Image_789.tif,,,,,,,,,,,,,,,,,,,,,,,,,,,,,,,,,Immunoblot analysis showing ErbB3 and CaMKII phosphorylation,Tif,,,Musmusculus,,Bulkcell,,,,,,,,,,,,,,,,,,,,,,STS-26T,,Sporadic MPNST,,,,,,,STS-26T,,,Cell viability,,Celigo high-throughput imaging cytometer
Image_764.tif,,,,,,,,,,,,,,,,,,,,,,,,,,,,,,,,,Immunofluorescence imaging of ErbB3 and related signaling in MPNST cells,Tif,,,Musmusculus,,Bulkcell,,,,,,,,,,,,,,,,,,,,,,S462,,NF1-associated MPNST,,,,,,,S462,,,Cell viability,,Celigo high-throughput imaging cytometer
Image_793.tif,,,,,,,,,,,,,,,,,,,,,,,,,,,,,,,,,Celigo imaging cytometer assay results after ErbB3 knockdown,Tif,,,Musmusculus,,Bulkcell,,,,,,,,,,,,,,,,,,,,,,,,Malignant peripheral nerve sheath tumor,,,,,,,MPNST cell lines,,,Immunoblot,,LI-COR Odyssey Fc imaging system
Image_755.tif,,,,,,,,,,,,,,,,,,,,,,,,,,,,,,,,,Immunofluorescence imaging of ErbB3 and related signaling in MPNST cells,Tif,,,Musmusculus,,Bulkcell,,,,,,,,,,,,,,,,,,,,,,,,Malignant peripheral nerve sheath tumor,,,,,,,MPNST cell lines,,,Immunoblot,,LI-COR Odyssey Fc imaging system
Image_741_erbb3sc81455.tif,ErbB3SignalingInMPNSTs,,,,Tumor4,,,,,,ControlledAccess,-/-,Neurofibromatosistype1,,,,,Immunohistochemistry,,,,,,,,,,,,,,,ErbB3 immunostaining using sc81455 antibody of MPNST tumor or cell line samples,Tif,,,Musmusculus,,Bulkcell,,ERBB3,Result,,,No,,No,,,,,,,Image,,,Peripheralnerve,,,ErbB3 antibody sc81455,,,Malignant peripheral nerve sheath tumor,,,,,,,Malignant peripheral nerve sheath tumor,,,Immunohistochemistry,,Microscope
Image_747_Neg.tif,ErbB3SignalingInMPNSTs,,,,T265-2c,,,,,,ControlledAccess,-/-,Neurofibromatosistype1,,,,Yes,Immunocytochemistry,,,,,,,,,,,,,,,Negative control immunostaining of MPNST tumor or cell line samples,Tif,,,Musmusculus,,Bulkcell,,,Result,,,No,,No,,,,,,,Image,,,Peripheralnerve,,,Negative control IgG,T265-2c,,NF1-associated MPNST,,,,,,,T265-2c,,,Immunocytochemistry,,Zeiss Imager M2
Image_756_erbb3sc285.tif,,,,,,,,,,,,,,,,,,,,,,,,,,,,,,,,,ErbB3 immunostaining using sc285 antibody of MPNST tumor or cell line samples,Tif,,,Musmusculus,,Bulkcell,,ERBB3,Result,,,No,,No,,,,,,,Image,,,Peripheralnerve,,,ErbB3 antibody sc285,,,Malignant peripheral nerve sheath tumor,,,,,,,MPNST cell lines,,,Immunoblot,,LI-COR Odyssey Fc imaging system
Image_791.tif,,,,,,,,,,,,,,,,,,,,,,,,,,,,,,,,,Immunoblot analysis showing ErbB3 and CaMKII phosphorylation,Tif,,,Musmusculus,,Bulkcell,,,,,,,,,,,,,,,,,,,,,,,,Malignant peripheral nerve sheath tumor,,,,,,,MPNST cell lines,,,Immunoblot,,LI-COR Odyssey Fc imaging system
Image_769.tif,,,,,,,,,,,,,,,,,,,,,,,,,,,,,,,,,Cell proliferation assay imaging after ErbB3 knockdown or inhibitor treatment,Tif,,,Musmusculus,,Bulkcell,,,,,,,,,,,,,,,,,,,,,,ST88-14,,NF1-associated MPNST,,,,,,,ST88-14,,,MetaCore network analysis,,GeneGo MetaCore
Image_777erbb3sc285.tif,ErbB3KnockdownEffects,,,,HsSch2,,,,,,ControlledAccess,,SporadicSchwannoma,,,,Yes,Immunocytochemistry,,,,,,,,,,,,,,,ErbB3 immunostaining using sc285 antibody of MPNST tumor or cell line samples,Tif,,,Musmusculus,,Bulkcell,,ERBB3,Result,,,No,,No,,,,,,,Image,,,Peripheralnerve,,,ErbB3 antibody sc285,,,Malignant peripheral nerve sheath tumor,,,,,,,MPNST cell lines,,,Immunocytochemistry,,Zeiss Imager M2
Image_739__erbb3sc81455.tif,ErbB3SignalingInMPNSTs,,,,Tumor3,,,,,,ControlledAccess,-/-,Neurofibromatosistype1,,,,,Immunohistochemistry,,,,,,,,,,,,,,,ErbB3 immunostaining using sc81455 antibody of MPNST tumor or cell line samples,Tif,,,Musmusculus,,Bulkcell,,ERBB3,Result,,,No,,No,,,,,,,Image,,,Peripheralnerve,,,ErbB3 antibody sc81455,,,Malignant peripheral nerve sheath tumor,,,,,,,Malignant peripheral nerve sheath tumor,,,Immunohistochemistry,,Microscope
Image_771_Neg.tif,,,,,,,,,,,,,,,,,,,,,,,,,,,,,,,,,Negative control immunostaining of MPNST tumor or cell line samples,Tif,,,Musmusculus,,Bulkcell,,,Result,,,No,,No,,,,,,,Image,,,Peripheralnerve,,,Negative control IgG,,,Malignant peripheral nerve sheath tumor,,,,,,,MPNST cell lines,,,Immunoblot,,LI-COR Odyssey Fc imaging system
Image_778.tif,,,,,,,,,,,,,,,,,,,,,,,,,,,,,,,,,MetaCore analysis of signaling pathways in MPNST cells,Tif,,,Musmusculus,,Bulkcell,,,,,,,,,,,,,,,,,,,,,,HsSch2,,Sporadic MPNST,,,,,,,HsSch2,,,Live/Dead cell analysis,,Celigo high-throughput imaging cytometer
Image_790.tif,,,,,,,,,,,,,,,,,,,,,,,,,,,,,,,,,Immunoblot analysis showing ErbB3 and CaMKII phosphorylation,Tif,,,Musmusculus,,Bulkcell,,,,,,,,,,,,,,,,,,,,,,HsSch2,,Sporadic MPNST,,,,,,,HsSch2,,,Cell viability,,Celigo high-throughput imaging cytometer
Image_792_Neg.tif,,,,,,,,,,,,,,,,,,,,,,,,,,,,,,,,,Negative control immunostaining of MPNST tumor or cell line samples,Tif,,,Musmusculus,,Bulkcell,,,Result,,,No,,No,,,,,,,Image,,,Peripheralnerve,,,Negative control IgG,,,Malignant peripheral nerve sheath tumor,,,,,,,MPNST cell lines,,,Immunoblot,,LI-COR Odyssey Fc imaging system
Image_765.tif,,,,,,,,,,,,,,,,,,,,,,,,,,,,,,,,,Immunofluorescence imaging of ErbB3 and related signaling in MPNST cells,Tif,,,Musmusculus,,Bulkcell,,,,,,,,,,,,,,,,,,,,,,HsSch2,,Sporadic MPNST,,,,,,,HsSch2,,,Cell viability,,Celigo high-throughput imaging cytometer
Image_761.tif,,,,,,,,,,,,,,,,,,,,,,,,,,,,,,,,,Live/dead cell imaging using calcein AM and propidium iodide staining,Tif,,,Musmusculus,,Bulkcell,,,,,,,,,,,,,,,,,,,,,,,,Malignant peripheral nerve sheath tumor,,,,,,,MPNST cell lines,,,Cell proliferation,,Celigo high-throughput imaging cytometer
Image_772.tif,,,,,,,,,,,,,,,,,,,,,,,,,,,,,,,,,Live/dead cell imaging using calcein AM and propidium iodide staining,Tif,,,Musmusculus,,Bulkcell,,,,,,,,,,,,,,,,,,,,,,,,Malignant peripheral nerve sheath tumor,,,,,,,MPNST cell lines,,,Cell proliferation,,Celigo high-throughput imaging cytometer
Image_774.tif,,,,,,,,,,,,,,,,,,,,,,,,,,,,,,,,,Immunofluorescence imaging showing effects of saracatinib and trifluoperazine on MPNST cells,Tif,,,Musmusculus,,Bulkcell,,,,,,,,,,,,,,,,,,,,,,HsSch2,,Sporadic MPNST,,,,,,,HsSch2,,,Cell viability,,Celigo high-throughput imaging cytometer
Image_766.tif,,,,,,,,,,,,,,,,,,,,,,,,,,,,,,,,,Immunofluorescence imaging of ErbB3 and related signaling in MPNST cells,Tif,,,Musmusculus,,Bulkcell,,,,,,,,,,,,,,,,,,,,,,S462,,NF1-associated MPNST,,,,,,,S462,,,Immunocytochemistry,,Zeiss Imager M2
Image_750_Neg.tif,ErbB3SignalingInMPNSTs,,,,STS-26T,,,,,,ControlledAccess,,SporadicSchwannoma,,,,Yes,Immunocytochemistry,,,,,,,,,,,,,,,Negative control immunostaining of MPNST tumor or cell line samples,Tif,,,Musmusculus,,Bulkcell,,,Result,,,No,,No,,,,,,,Image,,,Peripheralnerve,,,Negative control IgG,STS-26T,,Sporadic MPNST,,,,,,,STS-26T,,,Immunocytochemistry,,Zeiss Imager M2
Image_746_erbb3sc285.tif,ErbB3SignalingInMPNSTs,,,,T265-2c,,,,,,ControlledAccess,-/-,Neurofibromatosistype1,,,,Yes,Immunocytochemistry,,,,,,,,,,,,,,,ErbB3 immunostaining using sc285 antibody of MPNST tumor or cell line samples,Tif,,,Musmusculus,,Bulkcell,,ERBB3,Result,,,No,,No,,,,,,,Image,,,Peripheralnerve,,,ErbB3 antibody sc285,T265-2c,,NF1-associated MPNST,,,,,,,T265-2c,,,Immunocytochemistry,,Zeiss Imager M2
Image_740_Neg.tif,ErbB3SignalingInMPNSTs,,,,Tumor3,,,,,,ControlledAccess,-/-,Neurofibromatosistype1,,,,,Immunohistochemistry,,,,,,,,,,,,,,,Negative control immunostaining of MPNST tumor or cell line samples,Tif,,,Musmusculus,,Bulkcell,,,Result,,,No,,No,,,,,,,Image,,,Peripheralnerve,,,Negative control IgG,,,Malignant peripheral nerve sheath tumor,,,,,,,Malignant peripheral nerve sheath tumor,,,Immunohistochemistry,,Microscope
Image_780.tif,,,,,,,,,,,,,,,,,,,,,,,,,,,,,,,,,MetaCore analysis of signaling pathways in MPNST cells,Tif,,,Musmusculus,,Bulkcell,,,,,,,,,,,,,,,,,,,,,,STS-26T,,Sporadic MPNST,,,,,,,STS-26T,,,Live/Dead cell analysis,,Celigo high-throughput imaging cytometer
Image_753.tif,,,,,,,,,,,,,,,,,,,,,,,,,,,,,,,,,Immunofluorescence imaging of ErbB3 and related signaling in MPNST cells,Tif,,,Musmusculus,,Bulkcell,,,,,,,,,,,,,,,,,,,,,,HsSch2,,Sporadic MPNST,,,,,,,HsSch2,,,Immunocytochemistry,,Zeiss Imager M2
Image_768.tif,,,,,,,,,,,,,,,,,,,,,,,,,,,,,,,,,Cell proliferation assay imaging after ErbB3 knockdown or inhibitor treatment,Tif,,,Musmusculus,,Bulkcell,,,,,,,,,,,,,,,,,,,,,,ST88-14,,NF1-associated MPNST,,,,,,,ST88-14,,,Kinomics analysis,,PamStation 12 automatic kinomics instrument
Image_788_erbb3sc285.tif,TFPTreatmentEffects,,,,S462,,,,,,ControlledAccess,,SporadicSchwannoma,,,,Yes,Immunocytochemistry,,,,,,,,,,,,,,,ErbB3 immunostaining using sc285 antibody of MPNST tumor or cell line samples,Tif,,,Musmusculus,,Bulkcell,,ERBB3,Result,,,No,,No,,,,,,,Image,,,Peripheralnerve,,,ErbB3 antibody sc285,HsSch2,,Sporadic MPNST,,,,,,,HsSch2,,,Immunocytochemistry,,Zeiss LS 980 with Airyscan 2
Image_743_erbb3sc285.tif,ErbB3SignalingInMPNSTs,,,,S462,,,,,,ControlledAccess,,SporadicSchwannoma,,,,Yes,Immunocytochemistry,,,,,,,,,,,,,,,ErbB3 immunostaining using sc285 antibody of MPNST tumor or cell line samples,Tif,,,Musmusculus,,Bulkcell,,ERBB3,Result,,,No,,No,,,,,,,Image,,,Peripheralnerve,,,ErbB3 antibody sc285,S462,,NF1-associated MPNST,,,,,,,S462,,,Immunocytochemistry,,Zeiss Imager M2
Image_752.tif,,,,,,,,,,,,,,,,,,,,,,,,,,,,,,,,,Immunofluorescence imaging of ErbB3 and related signaling in MPNST cells,Tif,,,Musmusculus,,Bulkcell,,,,,,,,,,,,,,,,,,,,,,HsSch2,,Sporadic MPNST,,,,,,,HsSch2,,,Immunocytochemistry,,Zeiss Imager M2
Image_779.tif,,,,,,,,,,,,,,,,,,,,,,,,,,,,,,,,,MetaCore analysis of signaling pathways in MPNST cells,Tif,,,Musmusculus,,Bulkcell,,,,,,,,,,,,,,,,,,,,,,T265-2c,,NF1-associated MPNST,,,,,,,T265-2c,,,Live/Dead cell analysis,,Celigo high-throughput imaging cytometer
Image_783.tif,,,,,,,,,,,,,,,,,,,,,,,,,,,,,,,,,Cell viability assay imaging after combination treatments with ErbB inhibitors,Tif,,,Musmusculus,,Bulkcell,,,,,,,,,,,,,,,,,,,,,,HsSch2,,Sporadic MPNST,,,,,,,HsSch2,,,Cell viability,,Celigo high-throughput imaging cytometer
Image_751_erbb3sc81455.tif,ErbB3SignalingInMPNSTs,,,,HsSch2,,,,,,ControlledAccess,,SporadicSchwannoma,,,,Yes,Immunocytochemistry,,,,,,,,,,,,,,,ErbB3 immunostaining using sc81455 antibody of MPNST tumor or cell line samples,Tif,,,Musmusculus,,Bulkcell,,ERBB3,Result,,,No,,No,,,,,,,Image,,,Peripheralnerve,,,ErbB3 antibody sc81455,HsSch2,,Sporadic MPNST,,,,,,,HsSch2,,,Immunocytochemistry,,Zeiss Imager M2
Image_754.tif,,,,,,,,,,,,,,,,,,,,,,,,,,,,,,,,,Immunofluorescence imaging of ErbB3 and related signaling in MPNST cells,Tif,,,Musmusculus,,Bulkcell,,,,,,,,,,,,,,,,,,,,,,,,Malignant peripheral nerve sheath tumor,,,,,,,MPNST cell lines,,,Immunoblot,,LI-COR Odyssey Fc imaging system
Image_749_erbb3sc285.tif,ErbB3SignalingInMPNSTs,,,,STS-26T,,,,,,ControlledAccess,,SporadicSchwannoma,,,,Yes,Immunocytochemistry,,,,,,,,,,,,,,,ErbB3 immunostaining using sc285 antibody of MPNST tumor or cell line samples,Tif,,,Musmusculus,,Bulkcell,,ERBB3,Result,,,No,,No,,,,,,,Image,,,Peripheralnerve,,,ErbB3 antibody sc285,STS-26T,,Sporadic MPNST,,,,,,,STS-26T,,,Immunocytochemistry,,Zeiss Imager M2
Image_735_erbb3sc285.tif,ErbB3SignalingInMPNSTs,,,,Tumor1,,,,,,ControlledAccess,-/-,Neurofibromatosistype1,,,,,Immunohistochemistry,,,,,,,,,,,,,,,ErbB3 immunostaining using sc285 antibody of MPNST tumor or cell line samples,Tif,,,Musmusculus,,Bulkcell,,ERBB3,Result,,,No,,No,,,,,,,Image,,,Peripheralnerve,,,ErbB3 antibody sc285,,,Malignant peripheral nerve sheath tumor,,,,,,,Malignant peripheral nerve sheath tumor,,,Immunohistochemistry,,Microscope
Image_776.tif,,,,,,,,,,,,,,,,,,,,,,,,,,,,,,,,,Immunofluorescence imaging showing effects of saracatinib and trifluoperazine on MPNST cells,Tif,,,Musmusculus,,Bulkcell,,,,,,,,,,,,,,,,,,,,,,S462,,NF1-associated MPNST,,,,,,,S462,,,Live/Dead cell analysis,,Celigo high-throughput imaging cytometer
Image_785_erbb3sc81455.tif,TFPTreatmentEffects,,,,S462,,,,,,ControlledAccess,,SporadicSchwannoma,,,,Yes,Immunocytochemistry,,,,,,,,,,,,,,,ErbB3 immunostaining using sc81455 antibody of MPNST tumor or cell line samples,Tif,,,Musmusculus,,Bulkcell,,ERBB3,Result,,,No,,No,,,,,,,Image,,,Peripheralnerve,,,ErbB3 antibody sc81455,S462,,NF1-associated MPNST,,,,,,,S462,,,Immunocytochemistry,,Zeiss LS 980 with Airyscan 2
Image_748_erbb3sc81455.tif,ErbB3SignalingInMPNSTs,,,,STS-26T,,,,,,ControlledAccess,,SporadicSchwannoma,,,,Yes,Immunocytochemistry,,,,,,,,,,,,,,,ErbB3 immunostaining using sc81455 antibody of MPNST tumor or cell line samples,Tif,,,Musmusculus,,Bulkcell,,ERBB3,Result,,,No,,No,,,,,,,Image,,,Peripheralnerve,,,ErbB3 antibody sc81455,STS-26T,,Sporadic MPNST,,,,,,,STS-26T,,,Immunocytochemistry,,Zeiss Imager M2
Image_759.tif,,,,,,,,,,,,,,,,,,,,,,,,,,,,,,,,,Cleaved caspase-3 immunofluorescence after ErbB3 knockdown or inhibitor treatment,Tif,,,Musmusculus,,Bulkcell,,,,,,,,,,,,,,,,,,,,,,T265-2c,,NF1-associated MPNST,,,,,,,T265-2c,,,Immunoblot,,LI-COR Odyssey Fc imaging system
Image_795.tif,,,,,,,,,,,,,,,,,,,,,,,,,,,,,,,,,Celigo imaging cytometer assay results after ErbB3 knockdown,Tif,,,Musmusculus,,Bulkcell,,,,,,,,,,,,,,,,,,,,,,,,Malignant peripheral nerve sheath tumor,,,,,,,MPNST cell lines,,,Cell viability,,Celigo high-throughput imaging cytometer
Image_782.tif,,,,,,,,,,,,,,,,,,,,,,,,,,,,,,,,,Model of signaling pathways in MPNST cells as described in Figure 9,Tif,,,Musmusculus,,Bulkcell,,,,,,,,,,,,,,,,,,,,,,HsSch2,,Sporadic MPNST,,,,,,,HsSch2,,,Immunocytochemistry,,Zeiss Imager M2
Image_762.tif,,,,,,,,,,,,,,,,,,,,,,,,,,,,,,,,,Live/dead cell imaging using calcein AM and propidium iodide staining,Tif,,,Musmusculus,,Bulkcell,,,,,,,,,,,,,,,,,,,,,,,,Malignant peripheral nerve sheath tumor,,,,,,,MPNST cell lines,,,Cell proliferation,,Celigo high-throughput imaging cytometer
Image_757.tif,,,,,,,,,,,,,,,,,,,,,,,,,,,,,,,,,Cleaved caspase-3 immunofluorescence after ErbB3 knockdown or inhibitor treatment,Tif,,,Musmusculus,,Bulkcell,,,,,,,,,,,,,,,,,,,,,,HsSch2,,Sporadic MPNST,,,,,,,HsSch2,,,Immunoblot,,LI-COR Odyssey Fc imaging system
Image_744_Neg.tif,ErbB3SignalingInMPNSTs,,,,S462,,,,,,ControlledAccess,,SporadicSchwannoma,,,,Yes,Immunocytochemistry,,,,,,,,,,,,,,,Negative control immunostaining of MPNST tumor or cell line samples,Tif,,,Musmusculus,,Bulkcell,,,Result,,,No,,No,,,,,,,Image,,,Peripheralnerve,,,Negative control IgG,S462,,NF1-associated MPNST,,,,,,,S462,,,Immunocytochemistry,,Zeiss Imager M2
Image_773_erbb3sc81455.tif,ErbB3KnockdownEffects,,,,HsSch2,,,,,,ControlledAccess,,SporadicSchwannoma,,,,Yes,Immunocytochemistry,,,,,,,,,,,,,,,ErbB3 immunostaining using sc81455 antibody of MPNST tumor or cell line samples,Tif,,,Musmusculus,,Bulkcell,,ERBB3,Result,,,No,,No,,,,,,,Image,,,Peripheralnerve,,,ErbB3 antibody sc81455,,,Malignant peripheral nerve sheath tumor,,,,,,,MPNST cell lines,,,Immunocytochemistry,,Zeiss Imager M2
Image_734_erbb3sc81455.tif,ErbB3SignalingInMPNSTs,,,,Tumor1,,,,,,ControlledAccess,-/-,Neurofibromatosistype1,,,,,Immunohistochemistry,,,,,,,,,,,,,,,ErbB3 immunostaining using sc81455 antibody of MPNST tumor or cell line samples,Tif,,,Musmusculus,,Bulkcell,,ERBB3,Result,,,No,,No,,,,,,,Image,,,Peripheralnerve,,,ErbB3 antibody sc81455,,,Malignant peripheral nerve sheath tumor,,,,,,,Malignant peripheral nerve sheath tumor,,,Immunohistochemistry,,Microscope
Image_758.tif,,,,,,,,,,,,,,,,,,,,,,,,,,,,,,,,,Cleaved caspase-3 immunofluorescence after ErbB3 knockdown or inhibitor treatment,Tif,,,Musmusculus,,Bulkcell,,,,,,,,,,,,,,,,,,,,,,S462,,NF1-associated MPNST,,,,,,,S462,,,Immunoblot,,LI-COR Odyssey Fc imaging system
Image_736_Neg.tif,ErbB3SignalingInMPNSTs,,,,Tumor1,,,,,,ControlledAccess,-/-,Neurofibromatosistype1,,,,,Immunohistochemistry,,,,,,,,,,,,,,,Negative control immunostaining of MPNST tumor or cell line samples,Tif,,,Musmusculus,,Bulkcell,,,Result,,,No,,No,,,,,,,Image,,,Peripheralnerve,,,Negative control IgG,,,Malignant peripheral nerve sheath tumor,,,,,,,Malignant peripheral nerve sheath tumor,,,Immunohistochemistry,,Microscope
Image_781_Neg.tif,,,,,,,,,,,,,,,,,,,,,,,,,,,,,,,,,Negative control immunostaining of MPNST tumor or cell line samples,Tif,,,Musmusculus,,Bulkcell,,,Result,,,No,,No,,,,,,,Image,,,Peripheralnerve,,,Negative control IgG,,,Malignant peripheral nerve sheath tumor,,,,,,,MPNST cell lines,,,Immunocytochemistry,,Zeiss Imager M2
Image_787.tif,,,,,,,,,,,,,,,,,,,,,,,,,,,,,,,,,Kinomics analysis of MPNST cells treated with trifluoperazine,Tif,,,Musmusculus,,Bulkcell,,,,,,,,,,,,,,,,,,,,,,T265-2c,,NF1-associated MPNST,,,,,,,T265-2c,,,Cell viability,,Celigo high-throughput imaging cytometer
Image_737_erbb3sc81455.tif,ErbB3SignalingInMPNSTs,,,,Tumor2,,,,,,ControlledAccess,-/-,Neurofibromatosistype1,,,,,Immunohistochemistry,,,,,,,,,,,,,,,ErbB3 immunostaining using sc81455 antibody of MPNST tumor or cell line samples,Tif,,,Musmusculus,,Bulkcell,,ERBB3,Result,,,No,,No,,,,,,,Image,,,Peripheralnerve,,,ErbB3 antibody sc81455,,,Malignant peripheral nerve sheath tumor,,,,,,,Malignant peripheral nerve sheath tumor,,,Immunohistochemistry,,Microscope
Image_770.tif,,,,,,,,,,,,,,,,,,,,,,,,,,,,,,,,,Cell proliferation assay imaging after ErbB3 knockdown or inhibitor treatment,Tif,,,Musmusculus,,Bulkcell,,,,,,,,,,,,,,,,,,,,,,,,Malignant peripheral nerve sheath tumor,,,,,,,MPNST cell lines,,,Immunoblot,,LI-COR Odyssey Fc imaging system
