name_gt,name_pred,dataSubtype_gt,dataSubtype_pred,dataType_gt,dataType_pred,fileFormat_gt,fileFormat_pred,individualID_gt,individualID_pred,resourceType_gt,resourceType_pred,specimenID_gt,specimenID_pred,studyId_gt,studyId_pred,tumorType_gt,tumorType_pred,nf1Genotype_gt,nf1Genotype_pred,diagnosis_gt,diagnosis_pred,studyName_gt,studyName_pred,platform_gt,platform_pred,parentSpecimenID_gt,parentSpecimenID_pred,assay_gt,assay_pred,species_gt,species_pred,fundingAgency_gt,fundingAgency_pred,sex_gt,sex_pred,isCellLine_gt,isCellLine_pred,initiative_gt,initiative_pred,organ_gt,organ_pred,tissue_gt,tissue_pred,isPrimaryCell_gt,isPrimaryCell_pred,age_gt,age_pred,nucleicAcidSource_gt,nucleicAcidSource_pred,isMultiIndividual_gt,isMultiIndividual_pred,isMultiSpecimen_gt,isMultiSpecimen_pred,progressReportNumber_gt,progressReportNumber_pred,dissociationMethod_gt,dissociationMethod_pred,ageUnit_gt,ageUnit_pred,channel_gt,channel_pred,accessType_pred,accessType_gt,aliquotID_pred,aliquotID_gt,averageBaseQuality_pred,averageBaseQuality_gt,averageInsertSize_pred,averageInsertSize_gt,averageReadLength_pred,averageReadLength_gt,cellType_pred,cellType_gt,comments_pred,comments_gt,Component_pred,Component_gt,compoundDose_pred,compoundDose_gt,compoundDoseUnit_pred,compoundDoseUnit_gt,compoundName_pred,compoundName_gt,drugScreenType_pred,drugScreenType_gt,experimentalCondition_pred,experimentalCondition_gt,experimentalTimepoint_pred,experimentalTimepoint_gt,expressionUnit_pred,expressionUnit_gt,genePerturbationTechnology_pred,genePerturbationTechnology_gt,genePerturbationType_pred,genePerturbationType_gt,genePerturbed_pred,genePerturbed_gt,genomicReference_pred,genomicReference_gt,individualIdSource_pred,individualIdSource_gt,isStranded_pred,isStranded_gt,isXenograft_pred,isXenograft_gt,libraryPrep_pred,libraryPrep_gt,libraryPreparationMethod_pred,libraryPreparationMethod_gt,libraryStrand_pred,libraryStrand_gt,modelSystemName_pred,modelSystemName_gt,modifiedBy_pred,modifiedBy_gt,nf2Genotype_pred,nf2Genotype_gt,pairsOnDifferentChr_pred,pairsOnDifferentChr_gt,readDepth_pred,readDepth_gt,readLength_pred,readLength_gt,readPair_pred,readPair_gt,readPairOrientation_pred,readPairOrientation_gt,readsDuplicatedPercent_pred,readsDuplicatedPercent_gt,readsMappedPercent_pred,readsMappedPercent_gt,readStrandOrigin_pred,readStrandOrigin_gt,runType_pred,runType_gt,specimenPreparationMethod_pred,specimenPreparationMethod_gt,targetCaptureKitID_pred,targetCaptureKitID_gt,targetDepth_pred,targetDepth_gt,totalReads_pred,totalReads_gt,transplantationRecipientSpecies_pred,transplantationRecipientSpecies_gt,transplantationRecipientTissue_pred,transplantationRecipientTissue_gt,transplantationType_pred,transplantationType_gt,workflow_pred,workflow_gt,workflowLink_pred,workflowLink_gt
201194000076_R07C01_Grn.idat,201194000076_R07C01_Grn.idat,raw,Raw,chromatinActivity,Metadata,idat,idat,SYN_NF_001,,experimentalData,Result,SYN_NF_001,,syn5698493,s00401-021-02276-5,Pilocytic Astrocytoma,,Unknown,+/-,Neurofibromatosis type 1,Neurofibromatosistype1,Synodos NF1 Low Grade Glioma,Integrated molecular and clinical analysis of low-grade gliomas in children with neurofibromatosis type 1 (NF1),Illumina Infinium MethylationEPIC BeadChip,Illumina HumanMethylation450 BeadChip,SYN_NF_001,,methylation array,DNA methylation array,Homo sapiens,Musmusculus,CTF,,Female,,No,,Synodos,,brain,Brain,primary tumor,,No,,11.67,,bulk cell,Bulkcell,No,No,No,No,6,,none,,years,,Cy3,Cy3,ControlledAccess,,,,,,,,,,,,DNA methylation array data from Illumina HumanMethylation450 or EPIC BeadChip used for molecular classification of NF1-associated low-grade gliomas,,,,,,,,,,,,,,,,,,,,,,NF1,,,,,,,,No,,,,,,,,,,,,Unknown,,,,,,,,,,,,,,,,,,,,,,,,,,,,,,,,,,,,,
201194000076_R07C01_Red.idat,201194000076_R07C01_Red.idat,raw,Raw,chromatinActivity,Metadata,idat,idat,SYN_NF_001,,experimentalData,Result,SYN_NF_001,,syn5698493,s00401-021-02276-5,Pilocytic Astrocytoma,,Unknown,+/-,Neurofibromatosis type 1,Neurofibromatosistype1,Synodos NF1 Low Grade Glioma,Integrated molecular and clinical analysis of low-grade gliomas in children with neurofibromatosis type 1 (NF1),Illumina Infinium MethylationEPIC BeadChip,Illumina HumanMethylation450 BeadChip,SYN_NF_001,,methylation array,DNA methylation array,Homo sapiens,Musmusculus,CTF,,Female,,No,,Synodos,,brain,Brain,primary tumor,,No,,11.67,,bulk cell,Bulkcell,No,No,No,No,6,,none,,years,,Cy5,Cy5,ControlledAccess,,,,,,,,,,,,DNA methylation array data from Illumina HumanMethylation450 or EPIC BeadChip used for molecular classification of NF1-associated low-grade gliomas,,,,,,,,,,,,,,,,,,,,,,NF1,,,,,,,,No,,,,,,,,,,,,Unknown,,,,,,,,,,,,,,,,,,,,,,,,,,,,,,,,,,,,,
201194000076_R08C01_Grn.idat,201194000076_R08C01_Grn.idat,raw,Raw,chromatinActivity,Metadata,idat,idat,SYN_NF_002,,experimentalData,Result,SYN_NF_002,,syn5698493,s00401-021-02276-5,Pilocytic Astrocytoma,,Unknown,+/-,Neurofibromatosis type 1,Neurofibromatosistype1,Synodos NF1 Low Grade Glioma,Integrated molecular and clinical analysis of low-grade gliomas in children with neurofibromatosis type 1 (NF1),Illumina Infinium MethylationEPIC BeadChip,Illumina HumanMethylation450 BeadChip,SYN_NF_002,,methylation array,DNA methylation array,Homo sapiens,Musmusculus,CTF,,Female,,No,,Synodos,,brain,Brain,primary tumor,,No,,15.67,,bulk cell,Bulkcell,No,No,No,No,6,,none,,years,,Cy3,Cy3,ControlledAccess,,,,,,,,,,,,DNA methylation array data from Illumina HumanMethylation450 or EPIC BeadChip used for molecular classification of NF1-associated low-grade gliomas,,,,,,,,,,,,,,,,,,,,,,NF1,,,,,,,,No,,,,,,,,,,,,Unknown,,,,,,,,,,,,,,,,,,,,,,,,,,,,,,,,,,,,,
201194000076_R08C01_Red.idat,201194000076_R08C01_Red.idat,raw,Raw,chromatinActivity,Metadata,idat,idat,SYN_NF_002,,experimentalData,Result,SYN_NF_002,,syn5698493,s00401-021-02276-5,Pilocytic Astrocytoma,,Unknown,+/-,Neurofibromatosis type 1,Neurofibromatosistype1,Synodos NF1 Low Grade Glioma,Integrated molecular and clinical analysis of low-grade gliomas in children with neurofibromatosis type 1 (NF1),Illumina Infinium MethylationEPIC BeadChip,Illumina HumanMethylation450 BeadChip,SYN_NF_002,,methylation array,DNA methylation array,Homo sapiens,Musmusculus,CTF,,Female,,No,,Synodos,,brain,Brain,primary tumor,,No,,15.67,,bulk cell,Bulkcell,No,No,No,No,6,,none,,years,,Cy5,Cy5,ControlledAccess,,,,,,,,,,,,DNA methylation array data from Illumina HumanMethylation450 or EPIC BeadChip used for molecular classification of NF1-associated low-grade gliomas,,,,,,,,,,,,,,,,,,,,,,NF1,,,,,,,,No,,,,,,,,,,,,Unknown,,,,,,,,,,,,,,,,,,,,,,,,,,,,,,,,,,,,,
201194000077_R01C01_Grn.idat,201194000077_R01C01_Grn.idat,raw,,chromatinActivity,,idat,,SYN_NF_003,,experimentalData,,SYN_NF_003,,syn5698493,s00401-021-02276-5,Pilocytic Astrocytoma,,Unknown,+/-,Neurofibromatosis type 1,Neurofibromatosistype1,Synodos NF1 Low Grade Glioma,,Illumina Infinium MethylationEPIC BeadChip,Illumina HumanMethylation450 BeadChip,SYN_NF_003,,methylation array,DNA methylation array,Homo sapiens,,CTF,,Male,,No,,Synodos,,brain,,primary tumor,,No,,13.33,,bulk cell,,No,,No,,6,,none,,years,,Cy3,,ControlledAccess,,,,,,,,,,,,,,,,,,,,,,,,,,,,,,,,,,,,,,,,,,,,,,,,,,,,,,,,,,,,,,,,,,,,,,,,,,,,,,,,,,,,,,,,,,,
201194000077_R01C01_Red.idat,201194000077_R01C01_Red.idat,raw,,chromatinActivity,,idat,,SYN_NF_003,,experimentalData,,SYN_NF_003,,syn5698493,s00401-021-02276-5,Pilocytic Astrocytoma,,Unknown,+/-,Neurofibromatosis type 1,Neurofibromatosistype1,Synodos NF1 Low Grade Glioma,,Illumina Infinium MethylationEPIC BeadChip,Illumina HumanMethylation450 BeadChip,SYN_NF_003,,methylation array,DNA methylation array,Homo sapiens,,CTF,,Male,,No,,Synodos,,brain,,primary tumor,,No,,13.33,,bulk cell,,No,,No,,6,,none,,years,,Cy5,,ControlledAccess,,,,,,,,,,,,,,,,,,,,,,,,,,,,,,,,,,,,,,,,,,,,,,,,,,,,,,,,,,,,,,,,,,,,,,,,,,,,,,,,,,,,,,,,,,,
201194000077_R02C01_Grn.idat,201194000077_R02C01_Grn.idat,raw,,chromatinActivity,,idat,,SYN_NF_004,,experimentalData,,SYN_NF_004,,syn5698493,s00401-021-02276-5,Pilocytic Astrocytoma,,-/-,+/-,Neurofibromatosis type 1,Neurofibromatosistype1,Synodos NF1 Low Grade Glioma,,Illumina Infinium MethylationEPIC BeadChip,Illumina HumanMethylation450 BeadChip,SYN_NF_004,,methylation array,DNA methylation array,Homo sapiens,,CTF,,Male,,No,,Synodos,,brain,,primary tumor,,No,,12.33,,bulk cell,,No,,No,,6,,none,,years,,Cy3,,ControlledAccess,,,,,,,,,,,,,,,,,,,,,,,,,,,,,,,,,,,,,,,,,,,,,,,,,,,,,,,,,,,,,,,,,,,,,,,,,,,,,,,,,,,,,,,,,,,
201194000077_R02C01_Red.idat,201194000077_R02C01_Red.idat,raw,,chromatinActivity,,idat,,SYN_NF_004,,experimentalData,,SYN_NF_004,,syn5698493,s00401-021-02276-5,Pilocytic Astrocytoma,,-/-,+/-,Neurofibromatosis type 1,Neurofibromatosistype1,Synodos NF1 Low Grade Glioma,,Illumina Infinium MethylationEPIC BeadChip,Illumina HumanMethylation450 BeadChip,SYN_NF_004,,methylation array,DNA methylation array,Homo sapiens,,CTF,,Male,,No,,Synodos,,brain,,primary tumor,,No,,12.33,,bulk cell,,No,,No,,6,,none,,years,,Cy5,,ControlledAccess,,,,,,,,,,,,,,,,,,,,,,,,,,,,,,,,,,,,,,,,,,,,,,,,,,,,,,,,,,,,,,,,,,,,,,,,,,,,,,,,,,,,,,,,,,,
201194000077_R03C01_Grn.idat,201194000077_R03C01_Grn.idat,raw,,chromatinActivity,,idat,,SYN_NF_006,,experimentalData,,SYN_NF_006,,syn5698493,s00401-021-02276-5,Unknown,,Unknown,+/-,Neurofibromatosis type 1,Neurofibromatosistype1,Synodos NF1 Low Grade Glioma,,Illumina Infinium MethylationEPIC BeadChip,Illumina HumanMethylation450 BeadChip,SYN_NF_006,,methylation array,DNA methylation array,Homo sapiens,,CTF,,Unknown,,No,,Synodos,,brain,,primary tumor,,No,,,,bulk cell,,No,,No,,6,,none,,,,Cy3,,ControlledAccess,,,,,,,,,,,,,,,,,,,,,,,,,,,,,,,,,,,,,,,,,,,,,,,,,,,,,,,,,,,,,,,,,,,,,,,,,,,,,,,,,,,,,,,,,,,
201194000077_R03C01_Red.idat,201194000077_R03C01_Red.idat,raw,,chromatinActivity,,idat,,SYN_NF_006,,experimentalData,,SYN_NF_006,,syn5698493,s00401-021-02276-5,Unknown,,Unknown,+/-,Neurofibromatosis type 1,Neurofibromatosistype1,Synodos NF1 Low Grade Glioma,,Illumina Infinium MethylationEPIC BeadChip,Illumina HumanMethylation450 BeadChip,SYN_NF_006,,methylation array,DNA methylation array,Homo sapiens,,CTF,,Unknown,,No,,Synodos,,brain,,primary tumor,,No,,,,bulk cell,,No,,No,,6,,none,,,,Cy5,,ControlledAccess,,,,,,,,,,,,,,,,,,,,,,,,,,,,,,,,,,,,,,,,,,,,,,,,,,,,,,,,,,,,,,,,,,,,,,,,,,,,,,,,,,,,,,,,,,,
201194000077_R04C01_Grn.idat,201194000077_R04C01_Grn.idat,raw,,chromatinActivity,,idat,,SYN_NF_007,,experimentalData,,SYN_NF_007,,syn5698493,s00401-021-02276-5,Pilocytic Astrocytoma,,-/-,+/-,Neurofibromatosis type 1,Neurofibromatosistype1,Synodos NF1 Low Grade Glioma,,Illumina Infinium MethylationEPIC BeadChip,Illumina HumanMethylation450 BeadChip,SYN_NF_007,,methylation array,DNA methylation array,Homo sapiens,,CTF,,Female,,No,,Synodos,,brain,,primary tumor,,No,,9.08,,bulk cell,,No,,No,,6,,none,,years,,Cy3,,ControlledAccess,,,,,,,,,,,,,,,,,,,,,,,,,,,,,,,,,,,,,,,,,,,,,,,,,,,,,,,,,,,,,,,,,,,,,,,,,,,,,,,,,,,,,,,,,,,
201194000077_R04C01_Red.idat,201194000077_R04C01_Red.idat,raw,,chromatinActivity,,idat,,SYN_NF_007,,experimentalData,,SYN_NF_007,,syn5698493,s00401-021-02276-5,Pilocytic Astrocytoma,,-/-,+/-,Neurofibromatosis type 1,Neurofibromatosistype1,Synodos NF1 Low Grade Glioma,,Illumina Infinium MethylationEPIC BeadChip,Illumina HumanMethylation450 BeadChip,SYN_NF_007,,methylation array,DNA methylation array,Homo sapiens,,CTF,,Female,,No,,Synodos,,brain,,primary tumor,,No,,9.08,,bulk cell,,No,,No,,6,,none,,years,,Cy5,,ControlledAccess,,,,,,,,,,,,,,,,,,,,,,,,,,,,,,,,,,,,,,,,,,,,,,,,,,,,,,,,,,,,,,,,,,,,,,,,,,,,,,,,,,,,,,,,,,,
201194000077_R05C01_Grn.idat,201194000077_R05C01_Grn.idat,raw,,chromatinActivity,,idat,,SYN_NF_009,,experimentalData,,SYN_NF_009,,syn5698493,s00401-021-02276-5,Low-Grade Glioma NOS,,-/-,+/-,Neurofibromatosis type 1,Neurofibromatosistype1,Synodos NF1 Low Grade Glioma,,Illumina Infinium MethylationEPIC BeadChip,Illumina HumanMethylation450 BeadChip,SYN_NF_009,,methylation array,DNA methylation array,Homo sapiens,,CTF,,Female,,No,,Synodos,,brain,,primary tumor,,No,,11.0,,bulk cell,,No,,No,,6,,none,,years,,Cy3,,ControlledAccess,,,,,,,,,,,,,,,,,,,,,,,,,,,,,,,,,,,,,,,,,,,,,,,,,,,,,,,,,,,,,,,,,,,,,,,,,,,,,,,,,,,,,,,,,,,
201194000077_R05C01_Red.idat,201194000077_R05C01_Red.idat,raw,,chromatinActivity,,idat,,SYN_NF_009,,experimentalData,,SYN_NF_009,,syn5698493,s00401-021-02276-5,Low-Grade Glioma NOS,,-/-,+/-,Neurofibromatosis type 1,Neurofibromatosistype1,Synodos NF1 Low Grade Glioma,,Illumina Infinium MethylationEPIC BeadChip,Illumina HumanMethylation450 BeadChip,SYN_NF_009,,methylation array,DNA methylation array,Homo sapiens,,CTF,,Female,,No,,Synodos,,brain,,primary tumor,,No,,11.0,,bulk cell,,No,,No,,6,,none,,years,,Cy5,,ControlledAccess,,,,,,,,,,,,,,,,,,,,,,,,,,,,,,,,,,,,,,,,,,,,,,,,,,,,,,,,,,,,,,,,,,,,,,,,,,,,,,,,,,,,,,,,,,,
201194000077_R06C01_Grn.idat,201194000077_R06C01_Grn.idat,raw,,chromatinActivity,,idat,,SYN_NF_010,,experimentalData,,SYN_NF_010,,syn5698493,s00401-021-02276-5,Pilomyxoid Astrocytoma,,+/-,+/-,Neurofibromatosis type 1,Neurofibromatosistype1,Synodos NF1 Low Grade Glioma,,Illumina Infinium MethylationEPIC BeadChip,Illumina HumanMethylation450 BeadChip,SYN_NF_010,,methylation array,DNA methylation array,Homo sapiens,,CTF,,Male,,No,,Synodos,,brain,,primary tumor,,No,,2.67,,bulk cell,,No,,No,,6,,none,,years,,Cy3,,ControlledAccess,,,,,,,,,,,,,,,,,,,,,,,,,,,,,,,,,,,,,,,,,,,,,,,,,,,,,,,,,,,,,,,,,,,,,,,,,,,,,,,,,,,,,,,,,,,
201194000077_R06C01_Red.idat,201194000077_R06C01_Red.idat,raw,,chromatinActivity,,idat,,SYN_NF_010,,experimentalData,,SYN_NF_010,,syn5698493,s00401-021-02276-5,Pilomyxoid Astrocytoma,,+/-,+/-,Neurofibromatosis type 1,Neurofibromatosistype1,Synodos NF1 Low Grade Glioma,,Illumina Infinium MethylationEPIC BeadChip,Illumina HumanMethylation450 BeadChip,SYN_NF_010,,methylation array,DNA methylation array,Homo sapiens,,CTF,,Male,,No,,Synodos,,brain,,primary tumor,,No,,2.67,,bulk cell,,No,,No,,6,,none,,years,,Cy5,,ControlledAccess,,,,,,,,,,,,,,,,,,,,,,,,,,,,,,,,,,,,,,,,,,,,,,,,,,,,,,,,,,,,,,,,,,,,,,,,,,,,,,,,,,,,,,,,,,,
201194000077_R07C01_Grn.idat,201194000077_R07C01_Grn.idat,raw,,chromatinActivity,,idat,,SYN_NF_011,,experimentalData,,SYN_NF_011,,syn5698493,s00401-021-02276-5,Diffuse Astrocytoma,,-/-,+/-,Neurofibromatosis type 1,Neurofibromatosistype1,Synodos NF1 Low Grade Glioma,,Illumina Infinium MethylationEPIC BeadChip,Illumina HumanMethylation450 BeadChip,SYN_NF_011,,methylation array,DNA methylation array,Homo sapiens,,CTF,,Male,,No,,Synodos,,brain,,primary tumor,,No,,17.25,,bulk cell,,No,,No,,6,,none,,years,,Cy3,,ControlledAccess,,,,,,,,,,,,,,,,,,,,,,,,,,,,,,,,,,,,,,,,,,,,,,,,,,,,,,,,,,,,,,,,,,,,,,,,,,,,,,,,,,,,,,,,,,,
201194000077_R07C01_Red.idat,201194000077_R07C01_Red.idat,raw,,chromatinActivity,,idat,,SYN_NF_011,,experimentalData,,SYN_NF_011,,syn5698493,s00401-021-02276-5,Diffuse Astrocytoma,,-/-,+/-,Neurofibromatosis type 1,Neurofibromatosistype1,Synodos NF1 Low Grade Glioma,,Illumina Infinium MethylationEPIC BeadChip,Illumina HumanMethylation450 BeadChip,SYN_NF_011,,methylation array,DNA methylation array,Homo sapiens,,CTF,,Male,,No,,Synodos,,brain,,primary tumor,,No,,17.25,,bulk cell,,No,,No,,6,,none,,years,,Cy5,,ControlledAccess,,,,,,,,,,,,,,,,,,,,,,,,,,,,,,,,,,,,,,,,,,,,,,,,,,,,,,,,,,,,,,,,,,,,,,,,,,,,,,,,,,,,,,,,,,,
201194000077_R08C01_Grn.idat,201194000077_R08C01_Grn.idat,raw,,chromatinActivity,,idat,,SYN_NF_048,,experimentalData,,SYN_NF_048,,syn5698493,s00401-021-02276-5,Pilocytic Astrocytoma,,Unknown,+/-,Neurofibromatosis type 1,Neurofibromatosistype1,Synodos NF1 Low Grade Glioma,,Illumina Infinium MethylationEPIC BeadChip,Illumina HumanMethylation450 BeadChip,SYN_NF_048,,methylation array,DNA methylation array,Homo sapiens,,CTF,,Male,,No,,Synodos,,brain,,primary tumor,,No,,12.67,,bulk cell,,No,,No,,6,,none,,years,,Cy3,,ControlledAccess,,,,,,,,,,,,,,,,,,,,,,,,,,,,,,,,,,,,,,,,,,,,,,,,,,,,,,,,,,,,,,,,,,,,,,,,,,,,,,,,,,,,,,,,,,,
201194000077_R08C01_Red.idat,201194000077_R08C01_Red.idat,raw,,chromatinActivity,,idat,,SYN_NF_048,,experimentalData,,SYN_NF_048,,syn5698493,s00401-021-02276-5,Pilocytic Astrocytoma,,Unknown,+/-,Neurofibromatosis type 1,Neurofibromatosistype1,Synodos NF1 Low Grade Glioma,,Illumina Infinium MethylationEPIC BeadChip,Illumina HumanMethylation450 BeadChip,SYN_NF_048,,methylation array,DNA methylation array,Homo sapiens,,CTF,,Male,,No,,Synodos,,brain,,primary tumor,,No,,12.67,,bulk cell,,No,,No,,6,,none,,years,,Cy5,,ControlledAccess,,,,,,,,,,,,,,,,,,,,,,,,,,,,,,,,,,,,,,,,,,,,,,,,,,,,,,,,,,,,,,,,,,,,,,,,,,,,,,,,,,,,,,,,,,,
201194000082_R01C01_Grn.idat,201194000082_R01C01_Grn.idat,raw,,chromatinActivity,,idat,,SYN_NF_049,,experimentalData,,SYN_NF_049,,syn5698493,,Pilomyxoid Astrocytoma,,Unknown,,Neurofibromatosis type 1,,Synodos NF1 Low Grade Glioma,,Illumina Infinium MethylationEPIC BeadChip,Illumina HumanMethylation450 BeadChip,SYN_NF_049,,methylation array,DNA methylation array,Homo sapiens,,CTF,,Female,,No,,Synodos,,brain,,primary tumor,,No,,6.17,,bulk cell,,No,,No,,6,,none,,years,,Cy3,,,,,,,,,,,,,,,,,,,,,,,,,,,,,,,,,,,,,,,,,,,,,,,,,,,,,,,,,,,,,,,,,,,,,,,,,,,,,,,,,,,,,,,,,,,,,
201194000082_R01C01_Red.idat,201194000082_R01C01_Red.idat,raw,,chromatinActivity,,idat,,SYN_NF_049,,experimentalData,,SYN_NF_049,,syn5698493,,Pilomyxoid Astrocytoma,,Unknown,,Neurofibromatosis type 1,,Synodos NF1 Low Grade Glioma,,Illumina Infinium MethylationEPIC BeadChip,Illumina HumanMethylation450 BeadChip,SYN_NF_049,,methylation array,DNA methylation array,Homo sapiens,,CTF,,Female,,No,,Synodos,,brain,,primary tumor,,No,,6.17,,bulk cell,,No,,No,,6,,none,,years,,Cy5,,,,,,,,,,,,,,,,,,,,,,,,,,,,,,,,,,,,,,,,,,,,,,,,,,,,,,,,,,,,,,,,,,,,,,,,,,,,,,,,,,,,,,,,,,,,,
201194000082_R02C01_Grn.idat,201194000082_R02C01_Grn.idat,raw,,chromatinActivity,,idat,,SYN_NF_050,,experimentalData,,SYN_NF_050,,syn5698493,,Glioblastoma Multiforme,,Unknown,,Neurofibromatosis type 1,,Synodos NF1 Low Grade Glioma,,Illumina Infinium MethylationEPIC BeadChip,Illumina HumanMethylation450 BeadChip,SYN_NF_050,,methylation array,DNA methylation array,Homo sapiens,,CTF,,Male,,No,,Synodos,,brain,,primary tumor,,No,,11.92,,bulk cell,,No,,No,,6,,none,,years,,Cy3,,,,,,,,,,,,,,,,,,,,,,,,,,,,,,,,,,,,,,,,,,,,,,,,,,,,,,,,,,,,,,,,,,,,,,,,,,,,,,,,,,,,,,,,,,,,,
201194000082_R02C01_Red.idat,201194000082_R02C01_Red.idat,raw,,chromatinActivity,,idat,,SYN_NF_050,,experimentalData,,SYN_NF_050,,syn5698493,,Glioblastoma Multiforme,,Unknown,,Neurofibromatosis type 1,,Synodos NF1 Low Grade Glioma,,Illumina Infinium MethylationEPIC BeadChip,Illumina HumanMethylation450 BeadChip,SYN_NF_050,,methylation array,DNA methylation array,Homo sapiens,,CTF,,Male,,No,,Synodos,,brain,,primary tumor,,No,,11.92,,bulk cell,,No,,No,,6,,none,,years,,Cy5,,,,,,,,,,,,,,,,,,,,,,,,,,,,,,,,,,,,,,,,,,,,,,,,,,,,,,,,,,,,,,,,,,,,,,,,,,,,,,,,,,,,,,,,,,,,,
201194000082_R03C01_Grn.idat,201194000082_R03C01_Grn.idat,raw,,chromatinActivity,,idat,,SYN_NF_051,,experimentalData,,SYN_NF_051,,syn5698493,,Pilocytic Astrocytoma,,Unknown,,Neurofibromatosis type 1,,Synodos NF1 Low Grade Glioma,,Illumina Infinium MethylationEPIC BeadChip,Illumina HumanMethylation450 BeadChip,SYN_NF_051,,methylation array,DNA methylation array,Homo sapiens,,CTF,,Female,,No,,Synodos,,brain,,primary tumor,,No,,2.83,,bulk cell,,No,,No,,6,,none,,years,,Cy3,,,,,,,,,,,,,,,,,,,,,,,,,,,,,,,,,,,,,,,,,,,,,,,,,,,,,,,,,,,,,,,,,,,,,,,,,,,,,,,,,,,,,,,,,,,,,
201194000082_R03C01_Red.idat,201194000082_R03C01_Red.idat,raw,,chromatinActivity,,idat,,SYN_NF_051,,experimentalData,,SYN_NF_051,,syn5698493,,Pilocytic Astrocytoma,,Unknown,,Neurofibromatosis type 1,,Synodos NF1 Low Grade Glioma,,Illumina Infinium MethylationEPIC BeadChip,Illumina HumanMethylation450 BeadChip,SYN_NF_051,,methylation array,DNA methylation array,Homo sapiens,,CTF,,Female,,No,,Synodos,,brain,,primary tumor,,No,,2.83,,bulk cell,,No,,No,,6,,none,,years,,Cy5,,,,,,,,,,,,,,,,,,,,,,,,,,,,,,,,,,,,,,,,,,,,,,,,,,,,,,,,,,,,,,,,,,,,,,,,,,,,,,,,,,,,,,,,,,,,,
201194000082_R04C01_Grn.idat,201194000082_R04C01_Grn.idat,raw,,chromatinActivity,,idat,,SYN_NF_052,,experimentalData,,SYN_NF_052,,syn5698493,,Pilocytic Astrocytoma,,Unknown,,Neurofibromatosis type 1,,Synodos NF1 Low Grade Glioma,,Illumina Infinium MethylationEPIC BeadChip,Illumina HumanMethylation450 BeadChip,SYN_NF_052,,methylation array,DNA methylation array,Homo sapiens,,CTF,,Female,,No,,Synodos,,brain,,primary tumor,,No,,8.0,,bulk cell,,No,,No,,6,,none,,years,,Cy3,,,,,,,,,,,,,,,,,,,,,,,,,,,,,,,,,,,,,,,,,,,,,,,,,,,,,,,,,,,,,,,,,,,,,,,,,,,,,,,,,,,,,,,,,,,,,
201194000082_R04C01_Red.idat,201194000082_R04C01_Red.idat,raw,,chromatinActivity,,idat,,SYN_NF_052,,experimentalData,,SYN_NF_052,,syn5698493,,Pilocytic Astrocytoma,,Unknown,,Neurofibromatosis type 1,,Synodos NF1 Low Grade Glioma,,Illumina Infinium MethylationEPIC BeadChip,Illumina HumanMethylation450 BeadChip,SYN_NF_052,,methylation array,DNA methylation array,Homo sapiens,,CTF,,Female,,No,,Synodos,,brain,,primary tumor,,No,,8.0,,bulk cell,,No,,No,,6,,none,,years,,Cy5,,,,,,,,,,,,,,,,,,,,,,,,,,,,,,,,,,,,,,,,,,,,,,,,,,,,,,,,,,,,,,,,,,,,,,,,,,,,,,,,,,,,,,,,,,,,,
201194000082_R05C01_Grn.idat,201194000082_R05C01_Grn.idat,raw,,chromatinActivity,,idat,,SYN_NF_053,,experimentalData,,SYN_NF_053,,syn5698493,,Pilocytic Astrocytoma,,Unknown,,Neurofibromatosis type 1,,Synodos NF1 Low Grade Glioma,,Illumina Infinium MethylationEPIC BeadChip,Illumina HumanMethylation450 BeadChip,SYN_NF_053,,methylation array,DNA methylation array,Homo sapiens,,CTF,,Male,,No,,Synodos,,brain,,primary tumor,,No,,6.92,,bulk cell,,No,,No,,6,,none,,years,,Cy3,,,,,,,,,,,,,,,,,,,,,,,,,,,,,,,,,,,,,,,,,,,,,,,,,,,,,,,,,,,,,,,,,,,,,,,,,,,,,,,,,,,,,,,,,,,,,
201194000082_R05C01_Red.idat,201194000082_R05C01_Red.idat,raw,,chromatinActivity,,idat,,SYN_NF_053,,experimentalData,,SYN_NF_053,,syn5698493,,Pilocytic Astrocytoma,,Unknown,,Neurofibromatosis type 1,,Synodos NF1 Low Grade Glioma,,Illumina Infinium MethylationEPIC BeadChip,Illumina HumanMethylation450 BeadChip,SYN_NF_053,,methylation array,DNA methylation array,Homo sapiens,,CTF,,Male,,No,,Synodos,,brain,,primary tumor,,No,,6.92,,bulk cell,,No,,No,,6,,none,,years,,Cy5,,,,,,,,,,,,,,,,,,,,,,,,,,,,,,,,,,,,,,,,,,,,,,,,,,,,,,,,,,,,,,,,,,,,,,,,,,,,,,,,,,,,,,,,,,,,,
201194000082_R07C01_Grn.idat,201194000082_R07C01_Grn.idat,raw,,chromatinActivity,,idat,,SYN_NF_020,,experimentalData,,SYN_NF_020,,syn5698493,,Glioblastoma Multiforme,,Unknown,,Neurofibromatosis type 1,,Synodos NF1 Low Grade Glioma,,Illumina Infinium MethylationEPIC BeadChip,Illumina HumanMethylation450 BeadChip,SYN_NF_020,,methylation array,DNA methylation array,Homo sapiens,,CTF,,Female,,No,,Synodos,,brain,,primary tumor,,No,,4.0,,bulk cell,,No,,No,,6,,none,,years,,Cy3,,,,,,,,,,,,,,,,,,,,,,,,,,,,,,,,,,,,,,,,,,,,,,,,,,,,,,,,,,,,,,,,,,,,,,,,,,,,,,,,,,,,,,,,,,,,,
201194000082_R07C01_Red.idat,201194000082_R07C01_Red.idat,raw,,chromatinActivity,,idat,,SYN_NF_020,,experimentalData,,SYN_NF_020,,syn5698493,,Glioblastoma Multiforme,,Unknown,,Neurofibromatosis type 1,,Synodos NF1 Low Grade Glioma,,Illumina Infinium MethylationEPIC BeadChip,Illumina HumanMethylation450 BeadChip,SYN_NF_020,,methylation array,DNA methylation array,Homo sapiens,,CTF,,Female,,No,,Synodos,,brain,,primary tumor,,No,,4.0,,bulk cell,,No,,No,,6,,none,,years,,Cy5,,,,,,,,,,,,,,,,,,,,,,,,,,,,,,,,,,,,,,,,,,,,,,,,,,,,,,,,,,,,,,,,,,,,,,,,,,,,,,,,,,,,,,,,,,,,,
201194000082_R08C01_Grn.idat,201194000082_R08C01_Grn.idat,raw,,chromatinActivity,,idat,,SYN_NF_021,,experimentalData,,SYN_NF_021,,syn5698493,,Anaplastic Astrocytoma,,Unknown,,Neurofibromatosis type 1,,Synodos NF1 Low Grade Glioma,,Illumina Infinium MethylationEPIC BeadChip,Illumina HumanMethylation450 BeadChip,SYN_NF_021,,methylation array,DNA methylation array,Homo sapiens,,CTF,,Male,,No,,Synodos,,brain,,primary tumor,,No,,57.5,,bulk cell,,No,,No,,6,,none,,years,,Cy3,,,,,,,,,,,,,,,,,,,,,,,,,,,,,,,,,,,,,,,,,,,,,,,,,,,,,,,,,,,,,,,,,,,,,,,,,,,,,,,,,,,,,,,,,,,,,
201194000082_R08C01_Red.idat,201194000082_R08C01_Red.idat,raw,,chromatinActivity,,idat,,SYN_NF_021,,experimentalData,,SYN_NF_021,,syn5698493,,Anaplastic Astrocytoma,,Unknown,,Neurofibromatosis type 1,,Synodos NF1 Low Grade Glioma,,Illumina Infinium MethylationEPIC BeadChip,Illumina HumanMethylation450 BeadChip,SYN_NF_021,,methylation array,DNA methylation array,Homo sapiens,,CTF,,Male,,No,,Synodos,,brain,,primary tumor,,No,,57.5,,bulk cell,,No,,No,,6,,none,,years,,Cy5,,,,,,,,,,,,,,,,,,,,,,,,,,,,,,,,,,,,,,,,,,,,,,,,,,,,,,,,,,,,,,,,,,,,,,,,,,,,,,,,,,,,,,,,,,,,,
201465960033_R07C01_Grn.idat,201465960033_R07C01_Grn.idat,raw,,chromatinActivity,,idat,,SYN_NF_012,,experimentalData,,SYN_NF_012,,syn5698493,,Pilocytic Astrocytoma,,-/-,,Neurofibromatosis type 1,,Synodos NF1 Low Grade Glioma,,Illumina Infinium MethylationEPIC BeadChip,Illumina HumanMethylation450 BeadChip,SYN_NF_012,,methylation array,DNA methylation array,Homo sapiens,,CTF,,Female,,No,,Synodos,,brain,,primary tumor,,No,,10.0,,bulk cell,,No,,No,,6,,none,,years,,Cy3,,,,,,,,,,,,,,,,,,,,,,,,,,,,,,,,,,,,,,,,,,,,,,,,,,,,,,,,,,,,,,,,,,,,,,,,,,,,,,,,,,,,,,,,,,,,,
201465960033_R07C01_Red.idat,201465960033_R07C01_Red.idat,raw,,chromatinActivity,,idat,,SYN_NF_012,,experimentalData,,SYN_NF_012,,syn5698493,,Pilocytic Astrocytoma,,-/-,,Neurofibromatosis type 1,,Synodos NF1 Low Grade Glioma,,Illumina Infinium MethylationEPIC BeadChip,Illumina HumanMethylation450 BeadChip,SYN_NF_012,,methylation array,DNA methylation array,Homo sapiens,,CTF,,Female,,No,,Synodos,,brain,,primary tumor,,No,,10.0,,bulk cell,,No,,No,,6,,none,,years,,Cy5,,,,,,,,,,,,,,,,,,,,,,,,,,,,,,,,,,,,,,,,,,,,,,,,,,,,,,,,,,,,,,,,,,,,,,,,,,,,,,,,,,,,,,,,,,,,,
201465960033_R08C01_Grn.idat,201465960033_R08C01_Grn.idat,raw,,chromatinActivity,,idat,,SYN_NF_015,,experimentalData,,SYN_NF_015,,syn5698493,,Atypical Pilocytic Astrocytoma,,-/-,,Neurofibromatosis type 1,,Synodos NF1 Low Grade Glioma,,Illumina Infinium MethylationEPIC BeadChip,Illumina HumanMethylation450 BeadChip,SYN_NF_015,,methylation array,DNA methylation array,Homo sapiens,,CTF,,Female,,No,,Synodos,,brain,,primary tumor,,No,,5.0,,bulk cell,,No,,No,,6,,none,,years,,Cy3,,,,,,,,,,,,,,,,,,,,,,,,,,,,,,,,,,,,,,,,,,,,,,,,,,,,,,,,,,,,,,,,,,,,,,,,,,,,,,,,,,,,,,,,,,,,,
201465960033_R08C01_Red.idat,201465960033_R08C01_Red.idat,raw,,chromatinActivity,,idat,,SYN_NF_015,,experimentalData,,SYN_NF_015,,syn5698493,,Atypical Pilocytic Astrocytoma,,-/-,,Neurofibromatosis type 1,,Synodos NF1 Low Grade Glioma,,Illumina Infinium MethylationEPIC BeadChip,Illumina HumanMethylation450 BeadChip,SYN_NF_015,,methylation array,DNA methylation array,Homo sapiens,,CTF,,Female,,No,,Synodos,,brain,,primary tumor,,No,,5.0,,bulk cell,,No,,No,,6,,none,,years,,Cy5,,,,,,,,,,,,,,,,,,,,,,,,,,,,,,,,,,,,,,,,,,,,,,,,,,,,,,,,,,,,,,,,,,,,,,,,,,,,,,,,,,,,,,,,,,,,,
201465960034_R01C01_Grn.idat,201465960034_R01C01_Grn.idat,raw,,chromatinActivity,,idat,,SYN_NF_017,,experimentalData,,SYN_NF_017,,syn5698493,,Atypical Pilocytic Astrocytoma,,-/-,,Neurofibromatosis type 1,,Synodos NF1 Low Grade Glioma,,Illumina Infinium MethylationEPIC BeadChip,,SYN_NF_017,,methylation array,,Homo sapiens,,CTF,,Male,,No,,Synodos,,brain,,primary tumor,,No,,14.0,,bulk cell,,No,,No,,6,,none,,years,,Cy3,,,,,,,,,,,,,,,,,,,,,,,,,,,,,,,,,,,,,,,,,,,,,,,,,,,,,,,,,,,,,,,,,,,,,,,,,,,,,,,,,,,,,,,,,,,,,
201465960034_R01C01_Red.idat,201465960034_R01C01_Red.idat,raw,,chromatinActivity,,idat,,SYN_NF_017,,experimentalData,,SYN_NF_017,,syn5698493,,Atypical Pilocytic Astrocytoma,,-/-,,Neurofibromatosis type 1,,Synodos NF1 Low Grade Glioma,,Illumina Infinium MethylationEPIC BeadChip,,SYN_NF_017,,methylation array,,Homo sapiens,,CTF,,Male,,No,,Synodos,,brain,,primary tumor,,No,,14.0,,bulk cell,,No,,No,,6,,none,,years,,Cy5,,,,,,,,,,,,,,,,,,,,,,,,,,,,,,,,,,,,,,,,,,,,,,,,,,,,,,,,,,,,,,,,,,,,,,,,,,,,,,,,,,,,,,,,,,,,,
201465960034_R02C01_Grn.idat,201465960034_R02C01_Grn.idat,raw,,chromatinActivity,,idat,,SYN_NF_030,,experimentalData,,SYN_NF_030,,syn5698493,,Pilocytic Astrocytoma,,Unknown,,Neurofibromatosis type 1,,Synodos NF1 Low Grade Glioma,,Illumina Infinium MethylationEPIC BeadChip,,SYN_NF_030,,methylation array,,Homo sapiens,,CTF,,Female,,No,,Synodos,,brain,,primary tumor,,No,,9.42,,bulk cell,,No,,No,,6,,none,,years,,Cy3,,,,,,,,,,,,,,,,,,,,,,,,,,,,,,,,,,,,,,,,,,,,,,,,,,,,,,,,,,,,,,,,,,,,,,,,,,,,,,,,,,,,,,,,,,,,,
201465960034_R02C01_Red.idat,201465960034_R02C01_Red.idat,raw,,chromatinActivity,,idat,,SYN_NF_030,,experimentalData,,SYN_NF_030,,syn5698493,,Pilocytic Astrocytoma,,Unknown,,Neurofibromatosis type 1,,Synodos NF1 Low Grade Glioma,,Illumina Infinium MethylationEPIC BeadChip,,SYN_NF_030,,methylation array,,Homo sapiens,,CTF,,Female,,No,,Synodos,,brain,,primary tumor,,No,,9.42,,bulk cell,,No,,No,,6,,none,,years,,Cy5,,,,,,,,,,,,,,,,,,,,,,,,,,,,,,,,,,,,,,,,,,,,,,,,,,,,,,,,,,,,,,,,,,,,,,,,,,,,,,,,,,,,,,,,,,,,,
201465960034_R03C01_Grn.idat,201465960034_R03C01_Grn.idat,raw,,chromatinActivity,,idat,,SYN_NF_031,,experimentalData,,SYN_NF_031,,syn5698493,,Pilocytic Astrocytoma,,Unknown,,Neurofibromatosis type 1,,Synodos NF1 Low Grade Glioma,,Illumina Infinium MethylationEPIC BeadChip,,SYN_NF_031,,methylation array,,Homo sapiens,,CTF,,Male,,No,,Synodos,,brain,,primary tumor,,No,,15.5,,bulk cell,,No,,No,,6,,none,,years,,Cy3,,,,,,,,,,,,,,,,,,,,,,,,,,,,,,,,,,,,,,,,,,,,,,,,,,,,,,,,,,,,,,,,,,,,,,,,,,,,,,,,,,,,,,,,,,,,,
201465960034_R03C01_Red.idat,201465960034_R03C01_Red.idat,raw,,chromatinActivity,,idat,,SYN_NF_031,,experimentalData,,SYN_NF_031,,syn5698493,,Pilocytic Astrocytoma,,Unknown,,Neurofibromatosis type 1,,Synodos NF1 Low Grade Glioma,,Illumina Infinium MethylationEPIC BeadChip,,SYN_NF_031,,methylation array,,Homo sapiens,,CTF,,Male,,No,,Synodos,,brain,,primary tumor,,No,,15.5,,bulk cell,,No,,No,,6,,none,,years,,Cy5,,,,,,,,,,,,,,,,,,,,,,,,,,,,,,,,,,,,,,,,,,,,,,,,,,,,,,,,,,,,,,,,,,,,,,,,,,,,,,,,,,,,,,,,,,,,,
201465960034_R04C01_Grn.idat,201465960034_R04C01_Grn.idat,raw,,chromatinActivity,,idat,,SYN_NF_032,,experimentalData,,SYN_NF_032,,syn5698493,,Pilocytic Astrocytoma,,Unknown,,Neurofibromatosis type 1,,Synodos NF1 Low Grade Glioma,,Illumina Infinium MethylationEPIC BeadChip,,SYN_NF_032,,methylation array,,Homo sapiens,,CTF,,Female,,No,,Synodos,,brain,,primary tumor,,No,,2.75,,bulk cell,,No,,No,,6,,none,,years,,Cy3,,,,,,,,,,,,,,,,,,,,,,,,,,,,,,,,,,,,,,,,,,,,,,,,,,,,,,,,,,,,,,,,,,,,,,,,,,,,,,,,,,,,,,,,,,,,,
201465960034_R04C01_Red.idat,201465960034_R04C01_Red.idat,raw,,chromatinActivity,,idat,,SYN_NF_032,,experimentalData,,SYN_NF_032,,syn5698493,,Pilocytic Astrocytoma,,Unknown,,Neurofibromatosis type 1,,Synodos NF1 Low Grade Glioma,,Illumina Infinium MethylationEPIC BeadChip,,SYN_NF_032,,methylation array,,Homo sapiens,,CTF,,Female,,No,,Synodos,,brain,,primary tumor,,No,,2.75,,bulk cell,,No,,No,,6,,none,,years,,Cy5,,,,,,,,,,,,,,,,,,,,,,,,,,,,,,,,,,,,,,,,,,,,,,,,,,,,,,,,,,,,,,,,,,,,,,,,,,,,,,,,,,,,,,,,,,,,,
201465960034_R05C01_Grn.idat,201465960034_R05C01_Grn.idat,raw,,chromatinActivity,,idat,,SYN_NF_033,,experimentalData,,SYN_NF_033,,syn5698493,,Pleomorphic Xanthoastrocytoma,,Unknown,,Neurofibromatosis type 1,,Synodos NF1 Low Grade Glioma,,Illumina Infinium MethylationEPIC BeadChip,,SYN_NF_033,,methylation array,,Homo sapiens,,CTF,,Male,,No,,Synodos,,brain,,primary tumor,,No,,17.75,,bulk cell,,No,,No,,6,,none,,years,,Cy3,,,,,,,,,,,,,,,,,,,,,,,,,,,,,,,,,,,,,,,,,,,,,,,,,,,,,,,,,,,,,,,,,,,,,,,,,,,,,,,,,,,,,,,,,,,,,
201465960034_R05C01_Red.idat,201465960034_R05C01_Red.idat,raw,,chromatinActivity,,idat,,SYN_NF_033,,experimentalData,,SYN_NF_033,,syn5698493,,Pleomorphic Xanthoastrocytoma,,Unknown,,Neurofibromatosis type 1,,Synodos NF1 Low Grade Glioma,,Illumina Infinium MethylationEPIC BeadChip,,SYN_NF_033,,methylation array,,Homo sapiens,,CTF,,Male,,No,,Synodos,,brain,,primary tumor,,No,,17.75,,bulk cell,,No,,No,,6,,none,,years,,Cy5,,,,,,,,,,,,,,,,,,,,,,,,,,,,,,,,,,,,,,,,,,,,,,,,,,,,,,,,,,,,,,,,,,,,,,,,,,,,,,,,,,,,,,,,,,,,,
201465960034_R06C01_Grn.idat,201465960034_R06C01_Grn.idat,raw,,chromatinActivity,,idat,,SYN_NF_034,,experimentalData,,SYN_NF_034,,syn5698493,,Diffuse Astrocytoma,,-/-,,Neurofibromatosis type 1,,Synodos NF1 Low Grade Glioma,,Illumina Infinium MethylationEPIC BeadChip,,SYN_NF_034,,methylation array,,Homo sapiens,,CTF,,Male,,No,,Synodos,,brain,,primary tumor,,No,,8.67,,bulk cell,,No,,No,,6,,none,,years,,Cy3,,,,,,,,,,,,,,,,,,,,,,,,,,,,,,,,,,,,,,,,,,,,,,,,,,,,,,,,,,,,,,,,,,,,,,,,,,,,,,,,,,,,,,,,,,,,,
201465960034_R06C01_Red.idat,201465960034_R06C01_Red.idat,raw,,chromatinActivity,,idat,,SYN_NF_034,,experimentalData,,SYN_NF_034,,syn5698493,,Diffuse Astrocytoma,,-/-,,Neurofibromatosis type 1,,Synodos NF1 Low Grade Glioma,,Illumina Infinium MethylationEPIC BeadChip,,SYN_NF_034,,methylation array,,Homo sapiens,,CTF,,Male,,No,,Synodos,,brain,,primary tumor,,No,,8.67,,bulk cell,,No,,No,,6,,none,,years,,Cy5,,,,,,,,,,,,,,,,,,,,,,,,,,,,,,,,,,,,,,,,,,,,,,,,,,,,,,,,,,,,,,,,,,,,,,,,,,,,,,,,,,,,,,,,,,,,,
201465960034_R07C01_Grn.idat,201465960034_R07C01_Grn.idat,raw,,chromatinActivity,,idat,,SYN_NF_035,,experimentalData,,SYN_NF_035,,syn5698493,,Low-Grade Glioma NOS,,Unknown,,Neurofibromatosis type 1,,Synodos NF1 Low Grade Glioma,,Illumina Infinium MethylationEPIC BeadChip,,SYN_NF_035,,methylation array,,Homo sapiens,,CTF,,Unknown,,No,,Synodos,,brain,,primary tumor,,No,,,,bulk cell,,No,,No,,6,,none,,,,Cy3,,,,,,,,,,,,,,,,,,,,,,,,,,,,,,,,,,,,,,,,,,,,,,,,,,,,,,,,,,,,,,,,,,,,,,,,,,,,,,,,,,,,,,,,,,,,,
201465960034_R07C01_Red.idat,201465960034_R07C01_Red.idat,raw,,chromatinActivity,,idat,,SYN_NF_035,,experimentalData,,SYN_NF_035,,syn5698493,,Low-Grade Glioma NOS,,Unknown,,Neurofibromatosis type 1,,Synodos NF1 Low Grade Glioma,,Illumina Infinium MethylationEPIC BeadChip,,SYN_NF_035,,methylation array,,Homo sapiens,,CTF,,Unknown,,No,,Synodos,,brain,,primary tumor,,No,,,,bulk cell,,No,,No,,6,,none,,,,Cy5,,,,,,,,,,,,,,,,,,,,,,,,,,,,,,,,,,,,,,,,,,,,,,,,,,,,,,,,,,,,,,,,,,,,,,,,,,,,,,,,,,,,,,,,,,,,,
201465960034_R08C01_Grn.idat,201465960034_R08C01_Grn.idat,raw,,chromatinActivity,,idat,,SYN_NF_036,,experimentalData,,SYN_NF_036,,syn5698493,,Diffuse Astrocytoma,,-/-,,Neurofibromatosis type 1,,Synodos NF1 Low Grade Glioma,,Illumina Infinium MethylationEPIC BeadChip,,SYN_NF_036,,methylation array,,Homo sapiens,,CTF,,Male,,No,,Synodos,,brain,,primary tumor,,No,,5.08,,bulk cell,,No,,No,,6,,none,,years,,Cy3,,,,,,,,,,,,,,,,,,,,,,,,,,,,,,,,,,,,,,,,,,,,,,,,,,,,,,,,,,,,,,,,,,,,,,,,,,,,,,,,,,,,,,,,,,,,,
201465960034_R08C01_Red.idat,201465960034_R08C01_Red.idat,raw,,chromatinActivity,,idat,,SYN_NF_036,,experimentalData,,SYN_NF_036,,syn5698493,,Diffuse Astrocytoma,,-/-,,Neurofibromatosis type 1,,Synodos NF1 Low Grade Glioma,,Illumina Infinium MethylationEPIC BeadChip,,SYN_NF_036,,methylation array,,Homo sapiens,,CTF,,Male,,No,,Synodos,,brain,,primary tumor,,No,,5.08,,bulk cell,,No,,No,,6,,none,,years,,Cy5,,,,,,,,,,,,,,,,,,,,,,,,,,,,,,,,,,,,,,,,,,,,,,,,,,,,,,,,,,,,,,,,,,,,,,,,,,,,,,,,,,,,,,,,,,,,,
201465960035_R01C01_Grn.idat,201465960035_R01C01_Grn.idat,raw,,chromatinActivity,,idat,,SYN_NF_037,,experimentalData,,SYN_NF_037,,syn5698493,,Low-Grade Glioma NOS,,+/-,,Neurofibromatosis type 1,,Synodos NF1 Low Grade Glioma,,Illumina Infinium MethylationEPIC BeadChip,,SYN_NF_037,,methylation array,,Homo sapiens,,CTF,,Male,,No,,Synodos,,brain,,primary tumor,,No,,12.75,,bulk cell,,No,,No,,6,,none,,years,,Cy3,,,,,,,,,,,,,,,,,,,,,,,,,,,,,,,,,,,,,,,,,,,,,,,,,,,,,,,,,,,,,,,,,,,,,,,,,,,,,,,,,,,,,,,,,,,,,
201465960035_R01C01_Red.idat,201465960035_R01C01_Red.idat,raw,,chromatinActivity,,idat,,SYN_NF_037,,experimentalData,,SYN_NF_037,,syn5698493,,Low-Grade Glioma NOS,,+/-,,Neurofibromatosis type 1,,Synodos NF1 Low Grade Glioma,,Illumina Infinium MethylationEPIC BeadChip,,SYN_NF_037,,methylation array,,Homo sapiens,,CTF,,Male,,No,,Synodos,,brain,,primary tumor,,No,,12.75,,bulk cell,,No,,No,,6,,none,,years,,Cy5,,,,,,,,,,,,,,,,,,,,,,,,,,,,,,,,,,,,,,,,,,,,,,,,,,,,,,,,,,,,,,,,,,,,,,,,,,,,,,,,,,,,,,,,,,,,,
201465960035_R02C01_Grn.idat,201465960035_R02C01_Grn.idat,raw,,chromatinActivity,,idat,,SYN_NF_040,,experimentalData,,SYN_NF_040,,syn5698493,,Pilocytic Astrocytoma,,-/-,,Neurofibromatosis type 1,,Synodos NF1 Low Grade Glioma,,Illumina Infinium MethylationEPIC BeadChip,,SYN_NF_040,,methylation array,,Homo sapiens,,CTF,,Female,,No,,Synodos,,brain,,metastatic tumor,,No,,16.58,,bulk cell,,No,,No,,6,,none,,years,,Cy3,,,,,,,,,,,,,,,,,,,,,,,,,,,,,,,,,,,,,,,,,,,,,,,,,,,,,,,,,,,,,,,,,,,,,,,,,,,,,,,,,,,,,,,,,,,,,
201465960035_R02C01_Red.idat,201465960035_R02C01_Red.idat,raw,,chromatinActivity,,idat,,SYN_NF_040,,experimentalData,,SYN_NF_040,,syn5698493,,Pilocytic Astrocytoma,,-/-,,Neurofibromatosis type 1,,Synodos NF1 Low Grade Glioma,,Illumina Infinium MethylationEPIC BeadChip,,SYN_NF_040,,methylation array,,Homo sapiens,,CTF,,Female,,No,,Synodos,,brain,,metastatic tumor,,No,,16.58,,bulk cell,,No,,No,,6,,none,,years,,Cy5,,,,,,,,,,,,,,,,,,,,,,,,,,,,,,,,,,,,,,,,,,,,,,,,,,,,,,,,,,,,,,,,,,,,,,,,,,,,,,,,,,,,,,,,,,,,,
201465960035_R03C01_Grn.idat,201465960035_R03C01_Grn.idat,raw,,chromatinActivity,,idat,,SYN_NF_042,,experimentalData,,SYN_NF_042,,syn5698493,,Pilocytic Astrocytoma,,-/-,,Neurofibromatosis type 1,,Synodos NF1 Low Grade Glioma,,Illumina Infinium MethylationEPIC BeadChip,,SYN_NF_042,,methylation array,,Homo sapiens,,CTF,,Female,,No,,Synodos,,brain,,primary tumor,,No,,13.5,,bulk cell,,No,,No,,6,,none,,years,,Cy3,,,,,,,,,,,,,,,,,,,,,,,,,,,,,,,,,,,,,,,,,,,,,,,,,,,,,,,,,,,,,,,,,,,,,,,,,,,,,,,,,,,,,,,,,,,,,
201465960035_R03C01_Red.idat,201465960035_R03C01_Red.idat,raw,,chromatinActivity,,idat,,SYN_NF_042,,experimentalData,,SYN_NF_042,,syn5698493,,Pilocytic Astrocytoma,,-/-,,Neurofibromatosis type 1,,Synodos NF1 Low Grade Glioma,,Illumina Infinium MethylationEPIC BeadChip,,SYN_NF_042,,methylation array,,Homo sapiens,,CTF,,Female,,No,,Synodos,,brain,,primary tumor,,No,,13.5,,bulk cell,,No,,No,,6,,none,,years,,Cy5,,,,,,,,,,,,,,,,,,,,,,,,,,,,,,,,,,,,,,,,,,,,,,,,,,,,,,,,,,,,,,,,,,,,,,,,,,,,,,,,,,,,,,,,,,,,,
201465960035_R04C01_Grn.idat,201465960035_R04C01_Grn.idat,raw,,chromatinActivity,,idat,,SYN_NF_043,,experimentalData,,SYN_NF_043,,syn5698493,,Pilocytic Astrocytoma,,+/-,,Neurofibromatosis type 1,,Synodos NF1 Low Grade Glioma,,Illumina Infinium MethylationEPIC BeadChip,,SYN_NF_043,,methylation array,,Homo sapiens,,CTF,,Female,,No,,Synodos,,brain,,primary tumor,,No,,9.67,,bulk cell,,No,,No,,6,,none,,years,,Cy3,,,,,,,,,,,,,,,,,,,,,,,,,,,,,,,,,,,,,,,,,,,,,,,,,,,,,,,,,,,,,,,,,,,,,,,,,,,,,,,,,,,,,,,,,,,,,
201465960035_R04C01_Red.idat,201465960035_R04C01_Red.idat,raw,,chromatinActivity,,idat,,SYN_NF_043,,experimentalData,,SYN_NF_043,,syn5698493,,Pilocytic Astrocytoma,,+/-,,Neurofibromatosis type 1,,Synodos NF1 Low Grade Glioma,,Illumina Infinium MethylationEPIC BeadChip,,SYN_NF_043,,methylation array,,Homo sapiens,,CTF,,Female,,No,,Synodos,,brain,,primary tumor,,No,,9.67,,bulk cell,,No,,No,,6,,none,,years,,Cy5,,,,,,,,,,,,,,,,,,,,,,,,,,,,,,,,,,,,,,,,,,,,,,,,,,,,,,,,,,,,,,,,,,,,,,,,,,,,,,,,,,,,,,,,,,,,,
201465960035_R05C01_Grn.idat,201465960035_R05C01_Grn.idat,raw,,chromatinActivity,,idat,,SYN_NF_044,,experimentalData,,SYN_NF_044,,syn5698493,,Pilomyxoid Astrocytoma,,+/-,,Neurofibromatosis type 1,,Synodos NF1 Low Grade Glioma,,Illumina Infinium MethylationEPIC BeadChip,,SYN_NF_044,,methylation array,,Homo sapiens,,CTF,,Male,,No,,Synodos,,brain,,metastatic tumor,,No,,20.75,,bulk cell,,No,,No,,6,,none,,years,,Cy3,,,,,,,,,,,,,,,,,,,,,,,,,,,,,,,,,,,,,,,,,,,,,,,,,,,,,,,,,,,,,,,,,,,,,,,,,,,,,,,,,,,,,,,,,,,,,
201465960035_R05C01_Red.idat,201465960035_R05C01_Red.idat,raw,,chromatinActivity,,idat,,SYN_NF_044,,experimentalData,,SYN_NF_044,,syn5698493,,Pilomyxoid Astrocytoma,,+/-,,Neurofibromatosis type 1,,Synodos NF1 Low Grade Glioma,,Illumina Infinium MethylationEPIC BeadChip,,SYN_NF_044,,methylation array,,Homo sapiens,,CTF,,Male,,No,,Synodos,,brain,,metastatic tumor,,No,,20.75,,bulk cell,,No,,No,,6,,none,,years,,Cy5,,,,,,,,,,,,,,,,,,,,,,,,,,,,,,,,,,,,,,,,,,,,,,,,,,,,,,,,,,,,,,,,,,,,,,,,,,,,,,,,,,,,,,,,,,,,,
201465960035_R06C01_Grn.idat,201465960035_R06C01_Grn.idat,raw,,chromatinActivity,,idat,,SYN_NF_045,,experimentalData,,SYN_NF_045,,syn5698493,,Low-Grade Glioma NOS,,Unknown,,Neurofibromatosis type 1,,Synodos NF1 Low Grade Glioma,,Illumina Infinium MethylationEPIC BeadChip,,SYN_NF_045,,methylation array,,Homo sapiens,,CTF,,Male,,No,,Synodos,,brain,,primary tumor,,No,,7.75,,bulk cell,,No,,No,,6,,none,,years,,Cy3,,,,,,,,,,,,,,,,,,,,,,,,,,,,,,,,,,,,,,,,,,,,,,,,,,,,,,,,,,,,,,,,,,,,,,,,,,,,,,,,,,,,,,,,,,,,,
201465960035_R06C01_Red.idat,201465960035_R06C01_Red.idat,raw,,chromatinActivity,,idat,,SYN_NF_045,,experimentalData,,SYN_NF_045,,syn5698493,,Low-Grade Glioma NOS,,Unknown,,Neurofibromatosis type 1,,Synodos NF1 Low Grade Glioma,,Illumina Infinium MethylationEPIC BeadChip,,SYN_NF_045,,methylation array,,Homo sapiens,,CTF,,Male,,No,,Synodos,,brain,,primary tumor,,No,,7.75,,bulk cell,,No,,No,,6,,none,,years,,Cy5,,,,,,,,,,,,,,,,,,,,,,,,,,,,,,,,,,,,,,,,,,,,,,,,,,,,,,,,,,,,,,,,,,,,,,,,,,,,,,,,,,,,,,,,,,,,,
201465960035_R07C01_Grn.idat,201465960035_R07C01_Grn.idat,raw,,chromatinActivity,,idat,,SYN_NF_047,,experimentalData,,SYN_NF_047,,syn5698493,,Low-Grade Glioma NOS,,Unknown,,Neurofibromatosis type 1,,Synodos NF1 Low Grade Glioma,,Illumina Infinium MethylationEPIC BeadChip,,SYN_NF_047,,methylation array,,Homo sapiens,,CTF,,Male,,No,,Synodos,,brain,,primary tumor,,No,,8.25,,bulk cell,,No,,No,,6,,none,,years,,Cy3,,,,,,,,,,,,,,,,,,,,,,,,,,,,,,,,,,,,,,,,,,,,,,,,,,,,,,,,,,,,,,,,,,,,,,,,,,,,,,,,,,,,,,,,,,,,,
201465960035_R07C01_Red.idat,201465960035_R07C01_Red.idat,raw,,chromatinActivity,,idat,,SYN_NF_047,,experimentalData,,SYN_NF_047,,syn5698493,,Low-Grade Glioma NOS,,Unknown,,Neurofibromatosis type 1,,Synodos NF1 Low Grade Glioma,,Illumina Infinium MethylationEPIC BeadChip,,SYN_NF_047,,methylation array,,Homo sapiens,,CTF,,Male,,No,,Synodos,,brain,,primary tumor,,No,,8.25,,bulk cell,,No,,No,,6,,none,,years,,Cy5,,,,,,,,,,,,,,,,,,,,,,,,,,,,,,,,,,,,,,,,,,,,,,,,,,,,,,,,,,,,,,,,,,,,,,,,,,,,,,,,,,,,,,,,,,,,,
201533490046_R08C01_Grn.idat,201533490046_R08C01_Grn.idat,raw,,chromatinActivity,,idat,,SYN_NF_066,,experimentalData,,SYN_NF_066,,syn5698493,,Pilocytic Astrocytoma,,-/-,,Neurofibromatosis type 1,,Synodos NF1 Low Grade Glioma,,Illumina Infinium MethylationEPIC BeadChip,,SYN_NF_066,,methylation array,,Homo sapiens,,CTF,,Female,,No,,Synodos,,brain,,primary tumor,,No,,9.33,,bulk cell,,No,,No,,6,,none,,years,,Cy3,,,,,,,,,,,,,,,,,,,,,,,,,,,,,,,,,,,,,,,,,,,,,,,,,,,,,,,,,,,,,,,,,,,,,,,,,,,,,,,,,,,,,,,,,,,,,
201533490046_R08C01_Red.idat,201533490046_R08C01_Red.idat,raw,,chromatinActivity,,idat,,SYN_NF_066,,experimentalData,,SYN_NF_066,,syn5698493,,Pilocytic Astrocytoma,,-/-,,Neurofibromatosis type 1,,Synodos NF1 Low Grade Glioma,,Illumina Infinium MethylationEPIC BeadChip,,SYN_NF_066,,methylation array,,Homo sapiens,,CTF,,Female,,No,,Synodos,,brain,,primary tumor,,No,,9.33,,bulk cell,,No,,No,,6,,none,,years,,Cy5,,,,,,,,,,,,,,,,,,,,,,,,,,,,,,,,,,,,,,,,,,,,,,,,,,,,,,,,,,,,,,,,,,,,,,,,,,,,,,,,,,,,,,,,,,,,,
201876940186_R06C01_Grn.idat,201876940186_R06C01_Grn.idat,raw,,chromatinActivity,,idat,,SYN_NF_078,,experimentalData,,SYN_NF_078,,syn5698493,,Glioblastoma Multiforme,,Unknown,,Neurofibromatosis type 1,,Synodos NF1 Low Grade Glioma,,Illumina Infinium MethylationEPIC BeadChip,,SYN_NF_078,,methylation array,,Homo sapiens,,CTF,,Male,,No,,Synodos,,brain,,primary tumor,,No,,15.25,,bulk cell,,No,,No,,6,,none,,years,,Cy3,,,,,,,,,,,,,,,,,,,,,,,,,,,,,,,,,,,,,,,,,,,,,,,,,,,,,,,,,,,,,,,,,,,,,,,,,,,,,,,,,,,,,,,,,,,,,
201876940186_R06C01_Red.idat,201876940186_R06C01_Red.idat,raw,,chromatinActivity,,idat,,SYN_NF_078,,experimentalData,,SYN_NF_078,,syn5698493,,Glioblastoma Multiforme,,Unknown,,Neurofibromatosis type 1,,Synodos NF1 Low Grade Glioma,,Illumina Infinium MethylationEPIC BeadChip,,SYN_NF_078,,methylation array,,Homo sapiens,,CTF,,Male,,No,,Synodos,,brain,,primary tumor,,No,,15.25,,bulk cell,,No,,No,,6,,none,,years,,Cy5,,,,,,,,,,,,,,,,,,,,,,,,,,,,,,,,,,,,,,,,,,,,,,,,,,,,,,,,,,,,,,,,,,,,,,,,,,,,,,,,,,,,,,,,,,,,,
201876940186_R07C01_Grn.idat,201876940186_R07C01_Grn.idat,raw,,chromatinActivity,,idat,,SYN_NF_080,,experimentalData,,SYN_NF_080,,syn5698493,,Low-Grade Glioma NOS,,Unknown,,Neurofibromatosis type 1,,Synodos NF1 Low Grade Glioma,,Illumina Infinium MethylationEPIC BeadChip,,SYN_NF_080,,methylation array,,Homo sapiens,,CTF,,Unknown,,No,,Synodos,,brain,,primary tumor,,No,,,,bulk cell,,No,,No,,6,,none,,,,Cy3,,,,,,,,,,,,,,,,,,,,,,,,,,,,,,,,,,,,,,,,,,,,,,,,,,,,,,,,,,,,,,,,,,,,,,,,,,,,,,,,,,,,,,,,,,,,,
201876940186_R07C01_Red.idat,201876940186_R07C01_Red.idat,raw,,chromatinActivity,,idat,,SYN_NF_080,,experimentalData,,SYN_NF_080,,syn5698493,,Low-Grade Glioma NOS,,Unknown,,Neurofibromatosis type 1,,Synodos NF1 Low Grade Glioma,,Illumina Infinium MethylationEPIC BeadChip,,SYN_NF_080,,methylation array,,Homo sapiens,,CTF,,Unknown,,No,,Synodos,,brain,,primary tumor,,No,,,,bulk cell,,No,,No,,6,,none,,,,Cy5,,,,,,,,,,,,,,,,,,,,,,,,,,,,,,,,,,,,,,,,,,,,,,,,,,,,,,,,,,,,,,,,,,,,,,,,,,,,,,,,,,,,,,,,,,,,,
3998952004_R03C02_Grn.idat,3998952004_R03C02_Grn.idat,raw,,chromatinActivity,,idat,,SYN_NF_060,,experimentalData,,SYN_NF_060,,syn5698493,,Pilocytic Astrocytoma,,-/-,,Neurofibromatosis type 1,,Synodos NF1 Low Grade Glioma,,Illumina HumanMethylation450,,SYN_NF_060,,methylation array,,Homo sapiens,,CTF,,Unknown,,No,,Synodos,,brain,,primary tumor,,No,,,,bulk cell,,No,,No,,6,,none,,,,Cy3,,,,,,,,,,,,,,,,,,,,,,,,,,,,,,,,,,,,,,,,,,,,,,,,,,,,,,,,,,,,,,,,,,,,,,,,,,,,,,,,,,,,,,,,,,,,,
3998952004_R03C02_Red.idat,3998952004_R03C02_Red.idat,raw,,chromatinActivity,,idat,,SYN_NF_060,,experimentalData,,SYN_NF_060,,syn5698493,,Pilocytic Astrocytoma,,-/-,,Neurofibromatosis type 1,,Synodos NF1 Low Grade Glioma,,Illumina HumanMethylation450,,SYN_NF_060,,methylation array,,Homo sapiens,,CTF,,Unknown,,No,,Synodos,,brain,,primary tumor,,No,,,,bulk cell,,No,,No,,6,,none,,,,Cy5,,,,,,,,,,,,,,,,,,,,,,,,,,,,,,,,,,,,,,,,,,,,,,,,,,,,,,,,,,,,,,,,,,,,,,,,,,,,,,,,,,,,,,,,,,,,,
3998952004_R04C02_Grn.idat,3998952004_R04C02_Grn.idat,raw,,chromatinActivity,,idat,,SYN_NF_061,,experimentalData,,SYN_NF_061,,syn5698493,,Pilocytic Astrocytoma,,-/-,,Neurofibromatosis type 1,,Synodos NF1 Low Grade Glioma,,Illumina HumanMethylation450,,SYN_NF_061,,methylation array,,Homo sapiens,,CTF,,Unknown,,No,,Synodos,,brain,,primary tumor,,No,,,,bulk cell,,No,,No,,6,,none,,,,Cy3,,,,,,,,,,,,,,,,,,,,,,,,,,,,,,,,,,,,,,,,,,,,,,,,,,,,,,,,,,,,,,,,,,,,,,,,,,,,,,,,,,,,,,,,,,,,,
3998952004_R04C02_Red.idat,3998952004_R04C02_Red.idat,raw,,chromatinActivity,,idat,,SYN_NF_061,,experimentalData,,SYN_NF_061,,syn5698493,,Pilocytic Astrocytoma,,-/-,,Neurofibromatosis type 1,,Synodos NF1 Low Grade Glioma,,Illumina HumanMethylation450,,SYN_NF_061,,methylation array,,Homo sapiens,,CTF,,Unknown,,No,,Synodos,,brain,,primary tumor,,No,,,,bulk cell,,No,,No,,6,,none,,,,Cy5,,,,,,,,,,,,,,,,,,,,,,,,,,,,,,,,,,,,,,,,,,,,,,,,,,,,,,,,,,,,,,,,,,,,,,,,,,,,,,,,,,,,,,,,,,,,,
6752625089_R01C02_Grn.idat,6752625089_R01C02_Grn.idat,raw,,chromatinActivity,,idat,,SYN_NF_057,,experimentalData,,SYN_NF_057,,syn5698493,,Pilocytic Astrocytoma,,-/-,,Neurofibromatosis type 1,,Synodos NF1 Low Grade Glioma,,Illumina HumanMethylation450,,SYN_NF_057,,methylation array,,Homo sapiens,,CTF,,Female,,No,,Synodos,,brain,,primary tumor,,No,,1.92,,bulk cell,,No,,No,,6,,none,,years,,Cy3,,,,,,,,,,,,,,,,,,,,,,,,,,,,,,,,,,,,,,,,,,,,,,,,,,,,,,,,,,,,,,,,,,,,,,,,,,,,,,,,,,,,,,,,,,,,,
6752625089_R01C02_Red.idat,6752625089_R01C02_Red.idat,raw,,chromatinActivity,,idat,,SYN_NF_057,,experimentalData,,SYN_NF_057,,syn5698493,,Pilocytic Astrocytoma,,-/-,,Neurofibromatosis type 1,,Synodos NF1 Low Grade Glioma,,Illumina HumanMethylation450,,SYN_NF_057,,methylation array,,Homo sapiens,,CTF,,Female,,No,,Synodos,,brain,,primary tumor,,No,,1.92,,bulk cell,,No,,No,,6,,none,,years,,Cy5,,,,,,,,,,,,,,,,,,,,,,,,,,,,,,,,,,,,,,,,,,,,,,,,,,,,,,,,,,,,,,,,,,,,,,,,,,,,,,,,,,,,,,,,,,,,,
7310440067_R03C02_Grn.idat,7310440067_R03C02_Grn.idat,raw,,chromatinActivity,,idat,,SYN_NF_062,,experimentalData,,SYN_NF_062,,syn5698493,,Pilocytic Astrocytoma,,-/-,,Neurofibromatosis type 1,,Synodos NF1 Low Grade Glioma,,Illumina HumanMethylation450,,SYN_NF_062,,methylation array,,Homo sapiens,,CTF,,Unknown,,No,,Synodos,,brain,,primary tumor,,No,,12.0,,bulk cell,,No,,No,,6,,none,,years,,Cy3,,,,,,,,,,,,,,,,,,,,,,,,,,,,,,,,,,,,,,,,,,,,,,,,,,,,,,,,,,,,,,,,,,,,,,,,,,,,,,,,,,,,,,,,,,,,,
7310440067_R03C02_Red.idat,7310440067_R03C02_Red.idat,raw,,chromatinActivity,,idat,,SYN_NF_062,,experimentalData,,SYN_NF_062,,syn5698493,,Pilocytic Astrocytoma,,-/-,,Neurofibromatosis type 1,,Synodos NF1 Low Grade Glioma,,Illumina HumanMethylation450,,SYN_NF_062,,methylation array,,Homo sapiens,,CTF,,Unknown,,No,,Synodos,,brain,,primary tumor,,No,,12.0,,bulk cell,,No,,No,,6,,none,,years,,Cy5,,,,,,,,,,,,,,,,,,,,,,,,,,,,,,,,,,,,,,,,,,,,,,,,,,,,,,,,,,,,,,,,,,,,,,,,,,,,,,,,,,,,,,,,,,,,,
8622007022_R01C02_Grn.idat,8622007022_R01C02_Grn.idat,raw,,chromatinActivity,,idat,,SYN_NF_059,,experimentalData,,SYN_NF_059,,syn5698493,,Pilocytic Astrocytoma,,-/-,,Neurofibromatosis type 1,,Synodos NF1 Low Grade Glioma,,Illumina HumanMethylation450,,SYN_NF_059,,methylation array,,Homo sapiens,,CTF,,Female,,No,,Synodos,,brain,,primary tumor,,No,,17.17,,bulk cell,,No,,No,,6,,none,,years,,Cy3,,,,,,,,,,,,,,,,,,,,,,,,,,,,,,,,,,,,,,,,,,,,,,,,,,,,,,,,,,,,,,,,,,,,,,,,,,,,,,,,,,,,,,,,,,,,,
8622007022_R01C02_Red.idat,8622007022_R01C02_Red.idat,raw,,chromatinActivity,,idat,,SYN_NF_059,,experimentalData,,SYN_NF_059,,syn5698493,,Pilocytic Astrocytoma,,-/-,,Neurofibromatosis type 1,,Synodos NF1 Low Grade Glioma,,Illumina HumanMethylation450,,SYN_NF_059,,methylation array,,Homo sapiens,,CTF,,Female,,No,,Synodos,,brain,,primary tumor,,No,,17.17,,bulk cell,,No,,No,,6,,none,,years,,Cy5,,,,,,,,,,,,,,,,,,,,,,,,,,,,,,,,,,,,,,,,,,,,,,,,,,,,,,,,,,,,,,,,,,,,,,,,,,,,,,,,,,,,,,,,,,,,,
8622007058_R06C01_Grn.idat,8622007058_R06C01_Grn.idat,raw,,chromatinActivity,,idat,,SYN_NF_055,,experimentalData,,SYN_NF_055,,syn5698493,,Pilocytic Astrocytoma,,-/-,,Neurofibromatosis type 1,,Synodos NF1 Low Grade Glioma,,Illumina HumanMethylation450,,SYN_NF_055,,methylation array,,Homo sapiens,,CTF,,Female,,No,,Synodos,,brain,,primary tumor,,No,,4.0,,bulk cell,,No,,No,,6,,none,,years,,Cy3,,,,,,,,,,,,,,,,,,,,,,,,,,,,,,,,,,,,,,,,,,,,,,,,,,,,,,,,,,,,,,,,,,,,,,,,,,,,,,,,,,,,,,,,,,,,,
8622007058_R06C01_Red.idat,8622007058_R06C01_Red.idat,raw,,chromatinActivity,,idat,,SYN_NF_055,,experimentalData,,SYN_NF_055,,syn5698493,,Pilocytic Astrocytoma,,-/-,,Neurofibromatosis type 1,,Synodos NF1 Low Grade Glioma,,Illumina HumanMethylation450,,SYN_NF_055,,methylation array,,Homo sapiens,,CTF,,Female,,No,,Synodos,,brain,,primary tumor,,No,,4.0,,bulk cell,,No,,No,,6,,none,,years,,Cy5,,,,,,,,,,,,,,,,,,,,,,,,,,,,,,,,,,,,,,,,,,,,,,,,,,,,,,,,,,,,,,,,,,,,,,,,,,,,,,,,,,,,,,,,,,,,,
